date,ticker,momentum_6m,momentum_12m,rank_6m,rank_12m,composite_score,final_rank,weight
2017-01-31,NVDA,0.931,2.7621,1.0,0.9796,0.9939,1,0.0667
2017-01-31,MU,0.778,1.1998,0.9796,0.9592,0.9735,2,0.0667
2017-01-31,AMD,0.5617,3.8458,0.9388,1.0,0.9571,3,0.0667
2017-01-31,CSX,0.6724,1.0826,0.9592,0.9388,0.9531,4,0.0667
2017-01-31,ADSK,0.3616,0.707,0.898,0.8776,0.8918,5,0.0667
2017-01-31,NFLX,0.491,0.4955,0.9184,0.7959,0.8816,6,0.0667
2017-01-31,AMAT,0.3124,0.9726,0.8571,0.9184,0.8755,7,0.0667
2017-01-31,TMUS,0.3229,0.5341,0.8776,0.8163,0.8592,8,0.0667
2017-01-31,LRCX,0.2748,0.606,0.8367,0.8571,0.8429,9,0.0667
2017-01-31,MELI,0.2142,0.8806,0.7755,0.898,0.8122,10,0.0667
2017-01-31,MCHP,0.2207,0.5579,0.7959,0.8367,0.8082,11,0.0667
2017-01-31,AVGO,0.2308,0.4712,0.8163,0.7551,0.798,12,0.0667
2017-01-31,MAR,0.1981,0.4002,0.7551,0.6531,0.7245,13,0.0667
2017-01-31,ADI,0.1857,0.449,0.7347,0.6939,0.7224,14,0.0667
2017-01-31,BKNG,0.1615,0.4519,0.7143,0.7143,0.7143,15,0.0667
2017-02-28,AMD,0.8853,5.757,1.0,1.0,1.0,1,0.0667
2017-02-28,NVDA,0.6405,2.2593,0.9592,0.9796,0.9653,2,0.0667
2017-02-28,CSX,0.7492,1.0569,0.9796,0.9184,0.9612,3,0.0667
2017-02-28,MU,0.4197,1.2051,0.9184,0.9592,0.9306,4,0.0667
2017-02-28,TMUS,0.3605,0.6854,0.898,0.8776,0.8918,5,0.0667
2017-02-28,NFLX,0.4565,0.5216,0.9388,0.7143,0.8714,6,0.0667
2017-02-28,MELI,0.2653,1.081,0.7959,0.9388,0.8388,7,0.0667
2017-02-28,ADI,0.3158,0.5852,0.8571,0.7551,0.8265,8,0.0667
2017-02-28,LRCX,0.2733,0.6421,0.8163,0.8163,0.8163,9,0.0667
2017-02-28,AMAT,0.2159,0.9462,0.7551,0.898,0.798,10,0.0667
2017-02-28,ADSK,0.2531,0.668,0.7755,0.8367,0.7939,11,0.0667
2017-02-28,KLAC,0.3528,0.3688,0.8776,0.5918,0.7918,12,0.0667
2017-02-28,AAPL,0.2932,0.4467,0.8367,0.6735,0.7878,13,0.0667
2017-02-28,SNPS,0.208,0.5964,0.6735,0.7755,0.7041,14,0.0667
2017-02-28,MCHP,0.1901,0.6695,0.6327,0.8571,0.7,15,0.0667
2017-03-31,AMD,1.1814,4.1413,1.0,1.0,1.0,1,0.0667
2017-03-31,MU,0.6477,1.6201,0.9796,0.9592,0.9735,2,0.0667
2017-03-31,NVDA,0.6206,2.035,0.9592,0.9796,0.9653,3,0.0667
2017-03-31,CSX,0.566,0.8579,0.9388,0.9388,0.9388,4,0.0667
2017-03-31,TMUS,0.3902,0.641,0.8571,0.8776,0.8633,5,0.0667
2017-03-31,MAR,0.4139,0.4257,0.898,0.7347,0.849,6,0.0667
2017-03-31,LRCX,0.3881,0.5713,0.8367,0.8571,0.8429,7,0.0667
2017-03-31,NFLX,0.529,0.3984,0.9184,0.6531,0.8388,8,0.0667
2017-03-31,AMAT,0.323,0.8414,0.7959,0.9184,0.8327,9,0.0667
2017-03-31,KLAC,0.4011,0.339,0.8776,0.5714,0.7857,10,0.0667
2017-03-31,ADI,0.3,0.4245,0.7755,0.7143,0.7571,11,0.0667
2017-03-31,VRTX,0.2865,0.3816,0.7347,0.6327,0.7041,12,0.0667
2017-03-31,AVGO,0.2827,0.4105,0.7143,0.6735,0.702,13,0.0667
2017-03-31,SNPS,0.2209,0.4637,0.6531,0.7755,0.6898,14,0.0667
2017-03-31,AAPL,0.2928,0.3337,0.7551,0.5306,0.6878,15,0.0667
2017-04-28,AMD,0.8244,2.6842,1.0,1.0,1.0,1,0.0667
2017-04-28,CSX,0.6884,0.8994,0.9796,0.9184,0.9612,2,0.0667
2017-04-28,MU,0.5686,1.3812,0.9592,0.9592,0.9592,3,0.0667
2017-04-28,NVDA,0.4494,1.902,0.8776,0.9796,0.9082,4,0.0667
2017-04-28,LRCX,0.4921,0.8813,0.898,0.898,0.898,5,0.0667
2017-04-28,AMAT,0.4162,0.9787,0.8367,0.9388,0.8673,6,0.0667
2017-04-28,TMUS,0.359,0.6919,0.8163,0.8571,0.8286,7,0.0667
2017-04-28,MELI,0.3436,0.8549,0.7959,0.8776,0.8204,8,0.0667
2017-04-28,VRTX,0.503,0.3637,0.9184,0.5102,0.7959,9,0.0667
2017-04-28,TSLA,0.553,0.2679,0.9388,0.3878,0.7735,10,0.0667
2017-04-28,MAR,0.4262,0.3858,0.8571,0.5714,0.7714,11,0.0667
2017-04-28,KLAC,0.3222,0.4269,0.7755,0.6735,0.7449,12,0.0667
2017-04-28,AVGO,0.2895,0.5167,0.7347,0.7347,0.7347,13,0.0667
2017-04-28,MCHP,0.2615,0.5636,0.6327,0.8163,0.6878,14,0.0667
2017-04-28,ADSK,0.2747,0.4672,0.6735,0.7143,0.6857,15,0.0667
2017-05-31,MELI,0.7025,1.0228,0.9796,0.9184,0.9612,1,0.0667
2017-05-31,CSX,0.5742,1.0889,0.9592,0.9388,0.9531,2,0.0667
2017-05-31,MU,0.5393,1.419,0.9388,0.9592,0.9449,3,0.0667
2017-05-31,NVDA,0.5374,2.1072,0.9184,1.0,0.9429,4,0.0667
2017-05-31,TSLA,0.7388,0.5276,1.0,0.7143,0.9143,5,0.0667
2017-05-31,ADSK,0.4867,0.9181,0.898,0.898,0.898,6,0.0667
2017-05-31,LRCX,0.4652,0.9022,0.8776,0.8776,0.8776,7,0.0667
2017-05-31,AMAT,0.4483,0.9009,0.8571,0.8571,0.8571,8,0.0667
2017-05-31,NFLX,0.3946,0.5898,0.7959,0.7959,0.7959,9,0.0667
2017-05-31,MAR,0.388,0.6544,0.7755,0.8367,0.7939,10,0.0667
2017-05-31,AVGO,0.3853,0.5771,0.7551,0.7755,0.7612,11,0.0667
2017-05-31,ISRG,0.4122,0.4411,0.8163,0.6122,0.7551,12,0.0667
2017-05-31,AAPL,0.3808,0.559,0.7347,0.7347,0.7347,13,0.0667
2017-05-31,VRTX,0.4223,0.3269,0.8367,0.3878,0.702,14,0.0667
2017-05-31,AMD,0.2673,1.4486,0.551,0.9796,0.6796,15,0.0667
2017-06-30,MELI,0.5848,0.7889,0.9592,0.898,0.9408,1,0.0667
2017-06-30,CSX,0.5173,1.1322,0.9388,0.9388,0.9388,2,0.0667
2017-06-30,TSLA,0.6844,0.7035,0.9796,0.8367,0.9367,3,0.0667
2017-06-30,VRTX,0.7312,0.4981,1.0,0.6939,0.9082,4,0.0667
2017-06-30,ADSK,0.3446,0.8622,0.8776,0.9184,0.8898,5,0.0667
2017-06-30,MU,0.3408,1.1701,0.8367,0.9592,0.8735,6,0.0667
2017-06-30,ISRG,0.4694,0.4142,0.9184,0.6327,0.8327,7,0.0667
2017-06-30,ADBE,0.3642,0.4766,0.898,0.6735,0.8306,8,0.0667
2017-06-30,LRCX,0.3287,0.7067,0.8163,0.8571,0.8286,9,0.0667
2017-06-30,NVDA,0.3003,2.0925,0.7347,1.0,0.8143,10,0.0667
2017-06-30,PYPL,0.3431,0.47,0.8571,0.6531,0.7959,11,0.0667
2017-06-30,AMAT,0.2713,0.7437,0.6939,0.8776,0.749,12,0.0667
2017-06-30,AVGO,0.3071,0.5261,0.7551,0.7347,0.749,12,0.0667
2017-06-30,REGN,0.3142,0.4064,0.7959,0.6122,0.7408,14,0.0667
2017-06-30,CDNS,0.3123,0.3782,0.7755,0.5306,0.702,15,0.0667
2017-07-31,NVDA,0.4805,1.8622,0.9592,1.0,0.9714,1,0.0667
2017-07-31,MELI,0.56,0.8899,0.9796,0.9184,0.9612,2,0.0667
2017-07-31,VRTX,0.7992,0.5652,1.0,0.7959,0.9388,3,0.0667
2017-07-31,PYPL,0.4689,0.5722,0.9388,0.8163,0.902,4,0.0667
2017-07-31,LRCX,0.3838,0.8018,0.8776,0.8776,0.8776,5,0.0667
2017-07-31,ADSK,0.3651,0.8636,0.8571,0.898,0.8694,6,0.0667
2017-07-31,CDNS,0.4127,0.5343,0.898,0.7551,0.8551,7,0.0667
2017-07-31,AMAT,0.2969,0.7053,0.8163,0.8367,0.8224,8,0.0667
2017-07-31,NFLX,0.2864,0.9908,0.7347,0.9592,0.802,9,0.0667
2017-07-31,AMD,0.2828,0.984,0.7143,0.9388,0.7816,10,0.0667
2017-07-31,ISRG,0.3595,0.3485,0.8367,0.5306,0.7449,11,0.0667
2017-07-31,ADBE,0.287,0.4969,0.7551,0.7143,0.7429,12,0.0667
2017-07-31,REGN,0.4271,0.1564,0.9184,0.2857,0.7286,13,0.0667
2017-07-31,META,0.2922,0.3656,0.7959,0.551,0.7224,14,0.0667
2017-07-31,TSLA,0.2906,0.3777,0.7755,0.5918,0.7204,15,0.0667
2017-08-31,NVDA,0.7248,1.7753,0.9796,1.0,0.9857,1,0.0667
2017-08-31,VRTX,0.78,0.6987,1.0,0.8776,0.9633,2,0.0667
2017-08-31,LRCX,0.4086,0.8042,0.9184,0.9388,0.9245,3,0.0667
2017-08-31,PYPL,0.4334,0.6603,0.9592,0.8163,0.9163,4,0.0667
2017-08-31,TSLA,0.4147,0.6787,0.9388,0.8367,0.9082,5,0.0667
2017-08-31,ADSK,0.3415,0.6982,0.8776,0.8571,0.8714,6,0.0667
2017-08-31,ISRG,0.3489,0.4636,0.898,0.6531,0.8245,7,0.0667
2017-08-31,NFLX,0.2556,0.7928,0.7755,0.9184,0.8184,8,0.0667
2017-08-31,MU,0.2503,0.9388,0.7347,0.9796,0.8082,9,0.0667
2017-08-31,ADBE,0.2926,0.5166,0.8367,0.7347,0.8061,10,0.0667
2017-08-31,CDNS,0.2633,0.5444,0.7959,0.7755,0.7898,11,0.0667
2017-08-31,ASML,0.2836,0.4816,0.8163,0.6939,0.7796,12,0.0667
2017-08-31,AMAT,0.2293,0.5282,0.7143,0.7551,0.7265,13,0.0667
2017-08-31,REGN,0.3123,0.2658,0.8571,0.4082,0.7224,14,0.0667
2017-08-31,MELI,0.2164,0.5073,0.6939,0.7143,0.7,15,0.0667
2017-09-29,NVDA,0.6443,1.6648,1.0,1.0,1.0,1,0.0667
2017-09-29,LRCX,0.4495,1.012,0.9592,0.9592,0.9592,2,0.0667
2017-09-29,MU,0.3609,1.2423,0.898,0.9796,0.9224,3,0.0667
2017-09-29,VRTX,0.3904,0.7887,0.9388,0.8776,0.9204,4,0.0667
2017-09-29,PYPL,0.4884,0.5853,0.9796,0.7755,0.9184,5,0.0667
2017-09-29,AMAT,0.3452,0.7797,0.8776,0.8571,0.8714,6,0.0667
2017-09-29,ISRG,0.3645,0.4526,0.9184,0.6735,0.8449,7,0.0667
2017-09-29,ASML,0.302,0.5902,0.8571,0.7959,0.8388,8,0.0667
2017-09-29,ADSK,0.2983,0.5681,0.8367,0.7347,0.8061,9,0.0667
2017-09-29,NFLX,0.2269,0.876,0.7347,0.9184,0.7898,10,0.0667
2017-09-29,CDNS,0.257,0.565,0.7959,0.7143,0.7714,11,0.0667
2017-09-29,MCHP,0.2277,0.4772,0.7551,0.6939,0.7367,12,0.0667
2017-09-29,TSLA,0.2257,0.6996,0.6939,0.8367,0.7367,12,0.0667
2017-09-29,MELI,0.2258,0.4132,0.7143,0.6327,0.6898,14,0.0667
2017-09-29,CSX,0.1747,0.8397,0.5918,0.898,0.6837,15,0.0667
2017-10-31,NVDA,0.9876,1.9199,1.0,1.0,1.0,1,0.0667
2017-10-31,MU,0.5825,1.5822,0.9796,0.9796,0.9796,2,0.0667
2017-10-31,LRCX,0.3974,1.1829,0.9388,0.9592,0.9449,3,0.0667
2017-10-31,PYPL,0.4802,0.7417,0.9592,0.8776,0.9347,4,0.0667
2017-10-31,AMAT,0.3643,0.9612,0.9184,0.9388,0.9245,5,0.0667
2017-10-31,ASML,0.3472,0.7283,0.898,0.8367,0.8796,6,0.0667
2017-10-31,ADSK,0.3386,0.7288,0.8776,0.8571,0.8714,7,0.0667
2017-10-31,CDNS,0.3175,0.6873,0.8367,0.8163,0.8306,8,0.0667
2017-10-31,ISRG,0.3321,0.6755,0.8571,0.7551,0.8265,9,0.0667
2017-10-31,ADBE,0.2989,0.6292,0.7959,0.7347,0.7776,10,0.0667
2017-10-31,MAR,0.2399,0.7634,0.7143,0.898,0.7694,11,0.0667
2017-10-31,MCHP,0.271,0.5964,0.7551,0.7143,0.7429,12,0.0667
2017-10-31,VRTX,0.2283,0.9276,0.6531,0.9184,0.7327,13,0.0667
2017-10-31,NFLX,0.2625,0.5731,0.7347,0.6735,0.7163,14,0.0667
2017-10-31,CTAS,0.233,0.4152,0.6735,0.5102,0.6245,15,0.0667
2017-11-30,PYPL,0.415,0.928,1.0,0.9592,0.9878,1,0.0667
2017-11-30,NVDA,0.3995,1.1854,0.9796,1.0,0.9857,2,0.0667
2017-11-30,MU,0.3582,1.1705,0.9592,0.9796,0.9653,3,0.0667
2017-11-30,ISRG,0.297,0.8631,0.9184,0.9388,0.9245,4,0.0667
2017-11-30,ASML,0.303,0.7188,0.9388,0.8367,0.9082,5,0.0667
2017-11-30,ADBE,0.2648,0.7651,0.898,0.8776,0.8918,6,0.0667
2017-11-30,CDNS,0.245,0.6709,0.8571,0.8163,0.8449,7,0.0667
2017-11-30,LRCX,0.2183,0.839,0.7959,0.9184,0.8327,8,0.0667
2017-11-30,MNST,0.2224,0.4004,0.8163,0.551,0.7367,9,0.0667
2017-11-30,INTC,0.2512,0.3288,0.8776,0.3878,0.7306,10,0.0667
2017-11-30,CTAS,0.2408,0.3889,0.8367,0.4694,0.7265,11,0.0667
2017-11-30,SNPS,0.192,0.4944,0.7551,0.5918,0.7061,12,0.0667
2017-11-30,MAR,0.1608,0.6325,0.6531,0.7551,0.6837,13,0.0667
2017-11-30,TXN,0.2068,0.3492,0.7755,0.449,0.6776,14,0.0667
2017-11-30,MSFT,0.1851,0.428,0.7143,0.5714,0.6714,15,0.0667
2017-12-29,MU,0.3771,0.8464,0.9796,0.9592,0.9735,1,0.0667
2017-12-29,PYPL,0.3717,0.8423,0.9388,0.9388,0.9388,2,0.0667
2017-12-29,NVDA,0.3407,0.7433,0.898,0.9184,0.9041,3,0.0667
2017-12-29,MAR,0.3612,0.6496,0.9184,0.8367,0.8939,4,0.0667
2017-12-29,LRCX,0.3086,0.7387,0.8571,0.898,0.8694,5,0.0667
2017-12-29,TXN,0.3746,0.4441,0.9592,0.6122,0.8551,6,0.0667
2017-12-29,MELI,0.2555,0.9897,0.7959,0.9796,0.851,7,0.0667
2017-12-29,ASML,0.3339,0.5792,0.8776,0.7755,0.8469,8,0.0667
2017-12-29,NFLX,0.2848,0.5316,0.8367,0.7347,0.8061,9,0.0667
2017-12-29,INTC,0.3865,0.2948,1.0,0.3469,0.8041,10,0.0667
2017-12-29,CDNS,0.2487,0.6387,0.7347,0.8163,0.7592,11,0.0667
2017-12-29,MNST,0.274,0.4055,0.8163,0.551,0.7367,12,0.0667
2017-12-29,ADBE,0.239,0.6902,0.6735,0.8571,0.7286,13,0.0667
2017-12-29,AMAT,0.2424,0.5795,0.6939,0.7959,0.7245,14,0.0667
2017-12-29,MSFT,0.2538,0.3903,0.7755,0.5102,0.6959,15,0.0667
2018-01-31,NVDA,0.4967,1.2601,0.9796,1.0,0.9857,1,0.0667
2018-01-31,MU,0.5427,0.8134,1.0,0.8776,0.9633,2,0.0667
2018-01-31,NFLX,0.4849,0.921,0.9592,0.9184,0.9469,3,0.0667
2018-01-31,PYPL,0.4378,1.1448,0.9184,0.9796,0.9367,4,0.0667
2018-01-31,AMZN,0.4564,0.7619,0.9388,0.8367,0.9082,5,0.0667
2018-01-31,MAR,0.4099,0.7636,0.898,0.8571,0.8857,6,0.0667
2018-01-31,ISRG,0.3763,0.8695,0.8776,0.898,0.8837,7,0.0667
2018-01-31,ADBE,0.3556,0.7619,0.8367,0.8163,0.8306,8,0.0667
2018-01-31,MELI,0.3414,1.0929,0.7755,0.9592,0.8306,8,0.0667
2018-01-31,ASML,0.3448,0.6884,0.8163,0.7755,0.8041,10,0.0667
2018-01-31,TXN,0.3583,0.4873,0.8571,0.6735,0.802,11,0.0667
2018-01-31,MSFT,0.3226,0.5024,0.7347,0.6939,0.7224,12,0.0667
2018-01-31,MNST,0.2845,0.6016,0.6939,0.7347,0.7061,13,0.0667
2018-01-31,INTC,0.3422,0.3444,0.7959,0.4082,0.6796,14,0.0667
2018-01-31,CSCO,0.3337,0.399,0.7551,0.4694,0.6694,15,0.0667
2018-02-28,NFLX,0.7435,1.0501,1.0,0.9592,0.9878,1,0.0667
2018-02-28,MELI,0.6013,0.8441,0.9796,0.9184,0.9612,2,0.0667
2018-02-28,MU,0.5705,1.0823,0.9388,0.9796,0.951,3,0.0667
2018-02-28,NVDA,0.4689,1.3925,0.9184,1.0,0.9429,4,0.0667
2018-02-28,AMZN,0.5988,0.7898,0.9592,0.8776,0.9347,5,0.0667
2018-02-28,MAR,0.4091,0.642,0.8571,0.8163,0.8449,6,0.0667
2018-02-28,ADBE,0.3778,0.7672,0.8367,0.8571,0.8429,7,0.0667
2018-02-28,INTC,0.4406,0.3997,0.8776,0.6531,0.8102,8,0.0667
2018-02-28,CSCO,0.4427,0.3554,0.898,0.5918,0.8061,9,0.0667
2018-02-28,PYPL,0.3119,0.8907,0.7347,0.9388,0.7959,10,0.0667
2018-02-28,TXN,0.3577,0.4487,0.8163,0.6735,0.7735,11,0.0667
2018-02-28,AMAT,0.3246,0.6029,0.7551,0.7551,0.7551,12,0.0667
2018-02-28,ISRG,0.2975,0.7359,0.6939,0.8367,0.7367,13,0.0667
2018-02-28,FTNT,0.3545,0.3513,0.7959,0.5714,0.7286,14,0.0667
2018-02-28,MSFT,0.3001,0.4963,0.7143,0.7143,0.7143,15,0.0667
2018-03-29,NFLX,0.6231,1.0165,1.0,0.9796,0.9939,1,0.0667
2018-03-29,AMZN,0.5221,0.6554,0.9796,0.898,0.9551,2,0.0667
2018-03-29,ADBE,0.4757,0.6675,0.9592,0.9184,0.9469,3,0.0667
2018-03-29,MU,0.4058,0.8295,0.9184,0.9592,0.9306,4,0.0667
2018-03-29,NVDA,0.3196,1.1646,0.8571,1.0,0.9,5,0.0667
2018-03-29,MELI,0.3342,0.6504,0.8776,0.8776,0.8776,6,0.0667
2018-03-29,INTC,0.405,0.5051,0.898,0.7551,0.8551,7,0.0667
2018-03-29,FTNT,0.4212,0.3986,0.9388,0.6327,0.8469,8,0.0667
2018-03-29,PANW,0.2973,0.6003,0.8163,0.8163,0.8163,9,0.0667
2018-03-29,ISRG,0.2094,0.6175,0.7551,0.8571,0.7857,10,0.0667
2018-03-29,PYPL,0.198,0.7546,0.7143,0.9388,0.7816,11,0.0667
2018-03-29,MAR,0.2611,0.4542,0.7959,0.7143,0.7714,12,0.0667
2018-03-29,CSCO,0.3018,0.3152,0.8367,0.5714,0.7571,13,0.0667
2018-03-29,MSFT,0.2479,0.4233,0.7755,0.6531,0.7388,14,0.0667
2018-03-29,INTU,0.207,0.4863,0.7347,0.7347,0.7347,15,0.0667
2018-04-30,AMZN,0.6105,0.6931,1.0,0.9388,0.9816,1,0.0667
2018-04-30,NFLX,0.6006,1.053,0.9796,0.9796,0.9796,2,0.0667
2018-04-30,MELI,0.4837,0.486,0.9592,0.8163,0.9163,3,0.0667
2018-04-30,PANW,0.2938,0.7758,0.898,0.9592,0.9163,3,0.0667
2018-04-30,ADBE,0.2754,0.6569,0.8776,0.898,0.8837,5,0.0667
2018-04-30,FTNT,0.3805,0.4195,0.9388,0.7347,0.8776,6,0.0667
2018-04-30,CSCO,0.3125,0.344,0.9184,0.6531,0.8388,7,0.0667
2018-04-30,INTC,0.2643,0.4678,0.8571,0.7959,0.8388,7,0.0667
2018-04-30,INTU,0.2269,0.4907,0.8367,0.8367,0.8367,9,0.0667
2018-04-30,NVDA,0.1508,1.1633,0.7143,1.0,0.8,10,0.0667
2018-04-30,ISRG,0.1837,0.582,0.7551,0.8776,0.7918,11,0.0667
2018-04-30,MSFT,0.199,0.3947,0.7959,0.6735,0.7592,12,0.0667
2018-04-30,MAR,0.1561,0.4643,0.7347,0.7755,0.7469,13,0.0667
2018-04-30,MU,0.1325,0.6617,0.6531,0.9184,0.7327,14,0.0667
2018-04-30,COST,0.2204,0.1692,0.8163,0.449,0.7061,15,0.0667
2018-05-31,NFLX,0.7652,1.1561,1.0,1.0,1.0,1,0.0667
2018-05-31,PANW,0.3956,0.7547,0.9592,0.9388,0.9531,2,0.0667
2018-05-31,FTNT,0.4511,0.5552,0.9796,0.8367,0.9367,3,0.0667
2018-05-31,ADBE,0.3446,0.7572,0.9184,0.9592,0.9306,4,0.0667
2018-05-31,AMZN,0.3653,0.6384,0.9388,0.898,0.9265,5,0.0667
2018-05-31,INTC,0.2496,0.5688,0.8571,0.8571,0.8571,6,0.0667
2018-05-31,INTU,0.3002,0.4479,0.898,0.7551,0.8551,7,0.0667
2018-05-31,MU,0.2015,0.8716,0.7959,0.9796,0.851,8,0.0667
2018-05-31,NVDA,0.1983,0.752,0.7551,0.9184,0.8041,9,0.0667
2018-05-31,CTAS,0.1988,0.4637,0.7755,0.7755,0.7755,10,0.0667
2018-05-31,CSX,0.2542,0.2119,0.8776,0.5306,0.7735,11,0.0667
2018-05-31,AMD,0.2292,0.227,0.8367,0.551,0.751,12,0.0667
2018-05-31,ADP,0.1819,0.2982,0.7347,0.6735,0.7163,13,0.0667
2018-05-31,MSFT,0.175,0.4429,0.6939,0.7347,0.7061,14,0.0667
2018-05-31,ISRG,0.1428,0.5076,0.6327,0.8163,0.6878,15,0.0667
2018-06-29,NFLX,1.0312,1.608,1.0,1.0,1.0,1,0.0667
2018-06-29,AMZN,0.4331,0.7417,0.9796,0.9796,0.9796,2,0.0667
2018-06-29,FTNT,0.4185,0.6542,0.9388,0.9184,0.9327,3,0.0667
2018-06-29,ADBE,0.3888,0.7262,0.898,0.9592,0.9163,4,0.0667
2018-06-29,PANW,0.399,0.5254,0.9184,0.7959,0.8816,5,0.0667
2018-06-29,MU,0.2542,0.6663,0.8367,0.9388,0.8673,6,0.0667
2018-06-29,ISRG,0.2972,0.5427,0.8776,0.8367,0.8653,7,0.0667
2018-06-29,INTU,0.2944,0.5505,0.8571,0.8571,0.8571,8,0.0667
2018-06-29,NVDA,0.2016,0.6196,0.7959,0.898,0.8265,9,0.0667
2018-06-29,AMD,0.4209,0.1897,0.9592,0.3878,0.7878,10,0.0667
2018-06-29,CTAS,0.1816,0.5046,0.7755,0.7551,0.7694,11,0.0667
2018-06-29,ADSK,0.2476,0.2929,0.8163,0.5714,0.7429,12,0.0667
2018-06-29,MSFT,0.1608,0.4679,0.7347,0.7143,0.7286,13,0.0667
2018-06-29,ASML,0.1465,0.5411,0.6735,0.8163,0.7163,14,0.0667
2018-06-29,ADP,0.1556,0.3506,0.7143,0.6735,0.702,15,0.0667
2018-07-31,FTNT,0.3754,0.7044,0.9796,0.9388,0.9673,1,0.0667
2018-07-31,MU,0.2669,0.8773,0.9388,1.0,0.9571,2,0.0667
2018-07-31,PANW,0.2838,0.5045,0.9592,0.8367,0.9224,3,0.0667
2018-07-31,ADBE,0.2427,0.6703,0.898,0.9184,0.9041,4,0.0667
2018-07-31,AMZN,0.2362,0.7994,0.8776,0.9592,0.902,5,0.0667
2018-07-31,AMD,0.4242,0.3468,1.0,0.6122,0.8837,6,0.0667
2018-07-31,CSX,0.2523,0.4546,0.9184,0.7551,0.8694,7,0.0667
2018-07-31,NFLX,0.2104,0.8576,0.8163,0.9796,0.8653,8,0.0667
2018-07-31,CTAS,0.2331,0.533,0.8571,0.8776,0.8633,9,0.0667
2018-07-31,INTU,0.2172,0.5025,0.8367,0.8163,0.8306,10,0.0667
2018-07-31,ISRG,0.1878,0.6249,0.7959,0.898,0.8265,11,0.0667
2018-07-31,MSFT,0.1542,0.4876,0.7755,0.7755,0.7755,12,0.0667
2018-07-31,ORLY,0.1406,0.4978,0.7347,0.7959,0.7531,13,0.0667
2018-07-31,AAPL,0.1487,0.2993,0.7551,0.5714,0.7,14,0.0667
2018-07-31,COST,0.1113,0.3961,0.6735,0.6735,0.6735,15,0.0667
2018-08-31,FTNT,0.6537,1.1927,0.9796,1.0,0.9857,1,0.0667
2018-08-31,AMD,1.1134,0.9362,1.0,0.9388,0.9816,2,0.0667
2018-08-31,ORLY,0.3588,0.7102,0.9592,0.898,0.9408,3,0.0667
2018-08-31,AMZN,0.321,1.0525,0.9184,0.9592,0.9306,4,0.0667
2018-08-31,ISRG,0.32,0.6722,0.898,0.8571,0.8857,5,0.0667
2018-08-31,CSX,0.3238,0.4984,0.9388,0.6939,0.8653,6,0.0667
2018-08-31,PANW,0.2822,0.742,0.7959,0.9184,0.8327,7,0.0667
2018-08-31,INTU,0.2951,0.5661,0.8367,0.7755,0.8184,8,0.0667
2018-08-31,ADBE,0.2479,0.6983,0.7755,0.8776,0.8061,9,0.0667
2018-08-31,AAPL,0.2969,0.409,0.8571,0.6327,0.7898,10,0.0667
2018-08-31,ADSK,0.2985,0.3485,0.8776,0.551,0.7796,11,0.0667
2018-08-31,CTAS,0.2448,0.5977,0.7551,0.7959,0.7673,12,0.0667
2018-08-31,ADP,0.2823,0.408,0.8163,0.6122,0.7551,13,0.0667
2018-08-31,COST,0.2241,0.5039,0.7347,0.7143,0.7286,14,0.0667
2018-08-31,NVDA,0.1925,0.6606,0.6735,0.8367,0.7224,15,0.0667
2018-09-28,AMD,2.2413,1.4246,1.0,0.9796,0.9939,1,0.0667
2018-09-28,FTNT,0.7599,1.5695,0.9796,1.0,0.9857,2,0.0667
2018-09-28,AMZN,0.4599,1.0943,0.9388,0.9592,0.9449,3,0.0667
2018-09-28,ORLY,0.4712,0.6133,0.9592,0.8776,0.9347,4,0.0667
2018-09-28,ISRG,0.4318,0.6786,0.9184,0.898,0.9122,5,0.0667
2018-09-28,INTU,0.3442,0.6129,0.8367,0.8571,0.8429,6,0.0667
2018-09-28,QCOM,0.3649,0.4435,0.898,0.7143,0.8429,6,0.0667
2018-09-28,AAPL,0.3643,0.495,0.8776,0.7551,0.8408,8,0.0667
2018-09-28,NFLX,0.3348,1.0704,0.7959,0.9388,0.8388,9,0.0667
2018-09-28,CSX,0.3614,0.399,0.8571,0.6327,0.7898,10,0.0667
2018-09-28,MSFT,0.3026,0.5762,0.7755,0.7959,0.7816,11,0.0667
2018-09-28,ADP,0.3428,0.4109,0.8163,0.6939,0.7796,12,0.0667
2018-09-28,NVDA,0.2728,0.6036,0.7347,0.8367,0.7653,13,0.0667
2018-09-28,ADBE,0.2717,0.8385,0.6939,0.9184,0.7612,14,0.0667
2018-09-28,COST,0.2922,0.449,0.7551,0.7347,0.749,15,0.0667
2018-10-31,AMD,0.6661,0.657,1.0,0.9796,0.9939,1,0.0667
2018-10-31,FTNT,0.4646,1.0853,0.9796,1.0,0.9857,2,0.0667
2018-10-31,ORLY,0.2387,0.5205,0.898,0.9388,0.9102,3,0.0667
2018-10-31,QCOM,0.2746,0.2786,0.9592,0.7143,0.8857,4,0.0667
2018-10-31,AAPL,0.2464,0.3143,0.9388,0.7551,0.8837,5,0.0667
2018-10-31,COST,0.191,0.4351,0.8571,0.898,0.8694,6,0.0667
2018-10-31,CMCSA,0.2437,0.0808,0.9184,0.5306,0.802,7,0.0667
2018-10-31,TMUS,0.2259,0.1469,0.8776,0.5918,0.7918,8,0.0667
2018-10-31,CSX,0.1728,0.385,0.7755,0.8163,0.7878,9,0.0667
2018-10-31,ADP,0.1819,0.2652,0.8163,0.6939,0.7796,10,0.0667
2018-10-31,ISRG,0.1627,0.3885,0.7347,0.8367,0.7653,11,0.0667
2018-10-31,AMGN,0.1756,0.1324,0.7959,0.5714,0.7286,12,0.0667
2018-10-31,INTU,0.1367,0.4094,0.6531,0.8776,0.7204,13,0.0667
2018-10-31,MSFT,0.1447,0.3072,0.6735,0.7347,0.6918,14,0.0667
2018-10-31,TSLA,0.1859,0.0175,0.8367,0.3265,0.6837,15,0.0667
2018-11-30,AMD,0.4343,0.9559,1.0,1.0,1.0,1,0.0667
2018-11-30,ORLY,0.2487,0.4681,0.9592,0.9388,0.9531,2,0.0667
2018-11-30,FTNT,0.182,0.7556,0.8571,0.9796,0.8939,3,0.0667
2018-11-30,VRTX,0.2081,0.253,0.9184,0.6939,0.851,4,0.0667
2018-11-30,CMCSA,0.2607,0.061,0.9796,0.4082,0.8082,5,0.0667
2018-11-30,PEP,0.228,0.0727,0.9388,0.4694,0.798,6,0.0667
2018-11-30,SBUX,0.1836,0.1807,0.8776,0.6122,0.798,7,0.0667
2018-11-30,TMUS,0.1984,0.1208,0.898,0.5306,0.7878,8,0.0667
2018-11-30,COST,0.1701,0.2672,0.7959,0.7143,0.7714,9,0.0667
2018-11-30,TSLA,0.1811,0.1348,0.8367,0.5918,0.7633,10,0.0667
2018-11-30,MELI,0.1441,0.2798,0.7551,0.7347,0.749,11,0.0667
2018-11-30,CSX,0.1295,0.3204,0.6939,0.7959,0.7245,12,0.0667
2018-11-30,CSCO,0.1145,0.3224,0.6735,0.8163,0.7163,13,0.0667
2018-11-30,ISRG,0.1108,0.3279,0.6531,0.8367,0.7082,14,0.0667
2018-11-30,AMGN,0.1385,0.2204,0.7143,0.6735,0.702,15,0.0667
2018-12-31,ORLY,0.2587,0.4207,0.9796,0.9592,0.9735,1,0.0667
2018-12-31,AMD,0.2315,0.7498,0.9592,1.0,0.9714,2,0.0667
2018-12-31,FTNT,0.1281,0.6003,0.9388,0.9796,0.951,3,0.0667
2018-12-31,SBUX,0.3346,0.1398,1.0,0.6939,0.9082,4,0.0667
2018-12-31,AMGN,0.0692,0.1435,0.898,0.7347,0.849,5,0.0667
2018-12-31,MSFT,0.0384,0.2054,0.8163,0.7959,0.8102,6,0.0667
2018-12-31,AVGO,0.067,0.0222,0.8776,0.5306,0.7735,7,0.0667
2018-12-31,REGN,0.0826,-0.0243,0.9184,0.4082,0.7653,8,0.0667
2018-12-31,CSCO,0.0217,0.157,0.7551,0.7755,0.7612,9,0.0667
2018-12-31,ISRG,0.0009,0.2983,0.6939,0.9184,0.7612,9,0.0667
2018-12-31,TMUS,0.0646,-0.0115,0.8571,0.4898,0.7469,11,0.0667
2018-12-31,PYPL,0.0098,0.1337,0.7347,0.6735,0.7163,12,0.0667
2018-12-31,ADSK,-0.0189,0.224,0.6122,0.8163,0.6735,13,0.0667
2018-12-31,ADP,-0.0123,0.1414,0.6531,0.7143,0.6714,14,0.0667
2018-12-31,CDNS,0.0039,0.0281,0.7143,0.551,0.6653,15,0.0667
2019-01-31,AMD,0.3317,0.8967,1.0,1.0,1.0,1,0.0667
2019-01-31,FTNT,0.2171,0.674,0.9388,0.9796,0.951,2,0.0667
2019-01-31,SBUX,0.3167,0.2191,0.9796,0.8367,0.9367,3,0.0667
2019-01-31,AVGO,0.2315,0.1654,0.9592,0.7347,0.8918,4,0.0667
2019-01-31,ADSK,0.1461,0.2798,0.8776,0.898,0.8837,5,0.0667
2019-01-31,ORLY,0.1263,0.2848,0.8367,0.9184,0.8612,6,0.0667
2019-01-31,REGN,0.1665,0.1303,0.9184,0.6327,0.8327,7,0.0667
2019-01-31,PANW,0.0835,0.3911,0.7755,0.9592,0.8306,8,0.0667
2019-01-31,CSCO,0.1345,0.1536,0.8571,0.7143,0.8143,9,0.0667
2019-01-31,TMUS,0.1603,0.075,0.898,0.551,0.7939,10,0.0667
2019-01-31,VRTX,0.0906,0.1463,0.8163,0.6939,0.7796,11,0.0667
2019-01-31,INTU,0.0614,0.292,0.6939,0.9388,0.7673,12,0.0667
2019-01-31,CDNS,0.0894,0.0921,0.7959,0.5714,0.7286,13,0.0667
2019-01-31,ADP,0.0467,0.182,0.6735,0.7755,0.7041,14,0.0667
2019-01-31,PYPL,0.0806,0.0594,0.7551,0.5102,0.6816,15,0.0667
2019-02-28,CDNS,0.2222,0.4534,0.9388,0.9184,0.9327,1,0.0667
2019-02-28,SBUX,0.3405,0.2705,1.0,0.7755,0.9327,1,0.0667
2019-02-28,INTU,0.1711,0.4634,0.9184,0.9388,0.9245,3,0.0667
2019-02-28,ORLY,0.1269,0.5591,0.8776,0.9592,0.902,4,0.0667
2019-02-28,MELI,0.2239,0.222,0.9592,0.6939,0.8796,5,0.0667
2019-02-28,AVGO,0.3164,0.1448,0.9796,0.5306,0.8449,6,0.0667
2019-02-28,REGN,0.1089,0.342,0.8163,0.8571,0.8286,7,0.0667
2019-02-28,CSCO,0.1274,0.1847,0.898,0.5714,0.8,8,0.0667
2019-02-28,PANW,0.0861,0.4216,0.7551,0.898,0.798,9,0.0667
2019-02-28,FTNT,0.0807,0.7375,0.7143,0.9796,0.7939,10,0.0667
2019-02-28,PYPL,0.09,0.2342,0.7755,0.7347,0.7633,11,0.0667
2019-02-28,MDLZ,0.1239,0.0968,0.8571,0.4898,0.7469,12,0.0667
2019-02-28,TMUS,0.0974,0.2047,0.7959,0.6327,0.7469,13,0.0667
2019-02-28,ADP,0.0768,0.3417,0.6939,0.8367,0.7367,14,0.0667
2019-02-28,INTC,0.1092,0.0873,0.8367,0.4694,0.7265,15,0.0667
2019-03-29,CDNS,0.4129,0.7573,0.9796,0.9796,0.9796,1,0.0667
2019-03-29,MELI,0.5351,0.488,1.0,0.898,0.9694,2,0.0667
2019-03-29,INTU,0.1818,0.5427,0.8571,0.9184,0.8755,3,0.0667
2019-03-29,SBUX,0.3118,0.3134,0.9592,0.6735,0.8735,4,0.0667
2019-03-29,AVGO,0.2492,0.3226,0.9388,0.6939,0.8653,5,0.0667
2019-03-29,SNPS,0.175,0.3991,0.8163,0.8367,0.8224,6,0.0667
2019-03-29,PYPL,0.1557,0.3834,0.7959,0.7959,0.7959,7,0.0667
2019-03-29,MDLZ,0.1752,0.2587,0.8367,0.6531,0.7816,8,0.0667
2019-03-29,ORLY,0.1232,0.5998,0.7143,0.9388,0.7816,8,0.0667
2019-03-29,KLAC,0.2053,0.1527,0.898,0.3878,0.7449,10,0.0667
2019-03-29,ADP,0.0793,0.4591,0.6735,0.8776,0.7347,11,0.0667
2019-03-29,CSCO,0.1315,0.3357,0.7347,0.7347,0.7347,11,0.0667
2019-03-29,INTC,0.1899,0.1094,0.8776,0.3061,0.7061,13,0.0667
2019-03-29,CMCSA,0.1427,0.2285,0.7551,0.551,0.6939,14,0.0667
2019-03-29,ADI,0.1523,0.1945,0.7755,0.4898,0.6898,15,0.0667
2019-04-30,CDNS,0.4911,0.7362,0.9592,0.9592,0.9592,1,0.0667
2019-04-30,MELI,0.6269,0.4191,1.0,0.8367,0.951,2,0.0667
2019-04-30,AMD,0.4338,1.4869,0.8571,1.0,0.9,3,0.0667
2019-04-30,AVGO,0.4607,0.4239,0.898,0.8776,0.8918,4,0.0667
2019-04-30,QCOM,0.3936,0.7572,0.8367,0.9796,0.8796,5,0.0667
2019-04-30,ADI,0.4854,0.3525,0.9388,0.6939,0.8653,6,0.0667
2019-04-30,ADSK,0.3707,0.4072,0.8163,0.8163,0.8163,7,0.0667
2019-04-30,MCHP,0.6124,0.2005,0.9796,0.4286,0.8143,8,0.0667
2019-04-30,SNPS,0.3507,0.4213,0.7755,0.8571,0.8,9,0.0667
2019-04-30,PYPL,0.3119,0.5212,0.7347,0.9184,0.7898,10,0.0667
2019-04-30,KLAC,0.4537,0.2835,0.8776,0.551,0.7796,11,0.0667
2019-04-30,SBUX,0.3315,0.3616,0.7551,0.7347,0.749,12,0.0667
2019-04-30,LRCX,0.474,0.1361,0.9184,0.3265,0.7408,13,0.0667
2019-04-30,PANW,0.3054,0.2928,0.7143,0.5918,0.6776,14,0.0667
2019-04-30,MDLZ,0.2549,0.3033,0.6327,0.6327,0.6327,15,0.0667
2019-05-31,MELI,0.7199,0.8875,1.0,0.9796,0.9939,1,0.0667
2019-05-31,CDNS,0.4756,0.5078,0.9796,0.9592,0.9735,2,0.0667
2019-05-31,AMD,0.3021,0.9834,0.898,1.0,0.9286,3,0.0667
2019-05-31,SNPS,0.339,0.3307,0.9592,0.8571,0.9286,4,0.0667
2019-05-31,PYPL,0.3389,0.345,0.9388,0.898,0.9265,5,0.0667
2019-05-31,INTU,0.237,0.2275,0.8571,0.6939,0.8082,6,0.0667
2019-05-31,SBUX,0.1624,0.3528,0.7143,0.9184,0.7755,7,0.0667
2019-05-31,CTAS,0.2099,0.225,0.8163,0.6735,0.7735,8,0.0667
2019-05-31,QCOM,0.2296,0.1809,0.8367,0.5918,0.7633,9,0.0667
2019-05-31,MSFT,0.1636,0.2702,0.7347,0.7755,0.7469,10,0.0667
2019-05-31,NFLX,0.2875,-0.029,0.8776,0.3673,0.7245,11,0.0667
2019-05-31,MDLZ,0.1551,0.3115,0.6735,0.8367,0.7224,12,0.0667
2019-05-31,META,0.3146,-0.0544,0.9184,0.2245,0.7102,13,0.0667
2019-05-31,ADBE,0.1664,0.095,0.7551,0.5306,0.6878,14,0.0667
2019-05-31,ADSK,0.148,0.2438,0.6531,0.7143,0.6714,15,0.0667
2019-06-28,MELI,1.1161,1.1439,1.0,1.0,1.0,1,0.0667
2019-06-28,AMD,0.7364,1.0287,0.9796,0.9796,0.9796,2,0.0667
2019-06-28,CDNS,0.6312,0.6521,0.9592,0.9388,0.9531,3,0.0667
2019-06-28,SNPS,0.546,0.5217,0.9388,0.9184,0.9327,4,0.0667
2019-06-28,QCOM,0.3845,0.4358,0.8163,0.898,0.8408,5,0.0667
2019-06-28,CTAS,0.4188,0.3019,0.8367,0.7347,0.8061,6,0.0667
2019-06-28,PYPL,0.3576,0.4189,0.7551,0.8776,0.7918,7,0.0667
2019-06-28,MDLZ,0.3621,0.3522,0.7755,0.8163,0.7878,8,0.0667
2019-06-28,SBUX,0.3395,0.7196,0.6939,0.9592,0.7735,9,0.0667
2019-06-28,LRCX,0.4262,0.135,0.8571,0.4082,0.7224,10,0.0667
2019-06-28,HON,0.3405,0.2991,0.7143,0.7143,0.7143,11,0.0667
2019-06-28,MSFT,0.3346,0.3957,0.6531,0.8571,0.7143,12,0.0667
2019-06-28,AMAT,0.4381,0.0129,0.9184,0.2245,0.7102,13,0.0667
2019-06-28,INTU,0.3304,0.3292,0.6327,0.7551,0.6694,14,0.0667
2019-06-28,META,0.4347,-0.0145,0.8776,0.1837,0.6694,14,0.0667
2019-07-31,MELI,0.7165,0.8104,1.0,0.98,0.994,1,0.0667
2019-07-31,CDNS,0.5567,0.6832,0.98,0.96,0.974,2,0.0667
2019-07-31,SBUX,0.4032,0.8653,0.92,1.0,0.944,3,0.0667
2019-07-31,SNPS,0.4363,0.4862,0.94,0.92,0.934,4,0.0667
2019-07-31,AMD,0.3188,0.568,0.88,0.94,0.898,5,0.0667
2019-07-31,CTAS,0.3956,0.2993,0.9,0.76,0.858,6,0.0667
2019-07-31,INTU,0.2998,0.3792,0.82,0.9,0.844,7,0.0667
2019-07-31,QCOM,0.4887,0.228,0.96,0.56,0.84,8,0.0667
2019-07-31,KLAC,0.3043,0.3195,0.84,0.8,0.828,9,0.0667
2019-07-31,COST,0.3112,0.2709,0.86,0.7,0.812,10,0.0667
2019-07-31,MSFT,0.2912,0.3143,0.76,0.78,0.766,11,0.0667
2019-07-31,AAPL,0.2997,0.1389,0.8,0.44,0.692,12,0.0667
2019-07-31,MDLZ,0.2333,0.2723,0.66,0.72,0.678,13,0.0667
2019-07-31,META,0.2913,0.1354,0.78,0.42,0.672,14,0.0667
2019-07-31,TXN,0.2393,0.16,0.7,0.52,0.646,15,0.0667
2019-08-30,SBUX,0.3725,0.8481,0.96,1.0,0.972,1,0.0667
2019-08-30,SNPS,0.3768,0.388,0.98,0.92,0.962,2,0.0667
2019-08-30,MELI,0.282,0.5753,0.88,0.98,0.91,3,0.0667
2019-08-30,COST,0.3562,0.2966,0.94,0.82,0.904,4,0.0667
2019-08-30,QCOM,0.4763,0.1703,1.0,0.62,0.886,5,0.0667
2019-08-30,KLAC,0.2832,0.3025,0.9,0.84,0.882,6,0.0667
2019-08-30,AMD,0.3457,0.248,0.92,0.74,0.866,7,0.0667
2019-08-30,CTAS,0.2769,0.2452,0.86,0.72,0.818,8,0.0667
2019-08-30,MSFT,0.2367,0.25,0.82,0.76,0.802,9,0.0667
2019-08-30,LRCX,0.1983,0.2512,0.78,0.78,0.78,10,0.0667
2019-08-30,MDLZ,0.187,0.3277,0.74,0.86,0.776,11,0.0667
2019-08-30,CDNS,0.1698,0.449,0.7,0.94,0.772,12,0.0667
2019-08-30,AMAT,0.2406,0.137,0.84,0.58,0.762,13,0.0667
2019-08-30,PEP,0.1856,0.2593,0.72,0.8,0.744,14,0.0667
2019-08-30,INTU,0.1622,0.334,0.66,0.88,0.726,15,0.0667
2019-09-30,KLAC,0.3216,0.6244,0.98,1.0,0.986,1,0.0667
2019-09-30,CTAS,0.3079,0.3724,0.96,0.88,0.936,2,0.0667
2019-09-30,LRCX,0.2648,0.5718,0.9,0.96,0.918,3,0.0667
2019-09-30,ASML,0.3057,0.3316,0.92,0.86,0.902,4,0.0667
2019-09-30,SBUX,0.2056,0.5716,0.86,0.94,0.884,5,0.0667
2019-09-30,AMAT,0.2249,0.3279,0.88,0.84,0.868,6,0.0667
2019-09-30,PDD,0.306,0.2237,0.94,0.68,0.862,7,0.0667
2019-09-30,QCOM,0.3421,0.1064,1.0,0.52,0.856,8,0.0667
2019-09-30,TXN,0.2046,0.2397,0.84,0.74,0.81,9,0.0667
2019-09-30,COST,0.1857,0.2436,0.82,0.76,0.802,10,0.0667
2019-09-30,SNPS,0.1674,0.3913,0.76,0.9,0.802,10,0.0667
2019-09-30,MSFT,0.1764,0.2343,0.78,0.7,0.756,12,0.0667
2019-09-30,PEP,0.1398,0.2724,0.74,0.78,0.752,13,0.0667
2019-09-30,CMCSA,0.1297,0.3072,0.72,0.8,0.744,14,0.0667
2019-09-30,MDLZ,0.1244,0.3125,0.68,0.82,0.722,15,0.0667
2019-10-31,PDD,0.7062,1.3767,1.0,1.0,1.0,1,0.0667
2019-10-31,KLAC,0.3323,0.8971,0.98,0.94,0.968,2,0.0667
2019-10-31,LRCX,0.3186,0.9929,0.96,0.98,0.966,3,0.0667
2019-10-31,ASML,0.2554,0.5707,0.94,0.88,0.922,4,0.0667
2019-10-31,AMAT,0.2462,0.708,0.92,0.92,0.92,5,0.0667
2019-10-31,AMD,0.2023,0.9727,0.82,0.96,0.862,6,0.0667
2019-10-31,CTAS,0.2052,0.5276,0.84,0.84,0.84,7,0.0667
2019-10-31,COST,0.2232,0.3195,0.88,0.68,0.82,8,0.0667
2019-10-31,SNPS,0.1159,0.546,0.7,0.86,0.748,9,0.0667
2019-10-31,ORLY,0.1589,0.3179,0.78,0.66,0.744,10,0.0667
2019-10-31,MSFT,0.1201,0.4039,0.72,0.76,0.732,11,0.0667
2019-10-31,AMGN,0.2216,0.1625,0.86,0.3,0.692,12,0.0667
2019-10-31,AAPL,0.1838,0.1843,0.8,0.36,0.668,13,0.0667
2019-10-31,SBUX,0.0926,0.4709,0.6,0.78,0.654,14,0.0667
2019-10-31,TSLA,0.2348,-0.0454,0.9,0.06,0.648,15,0.0667
2019-11-29,PDD,0.8891,0.5699,1.0,0.88,0.964,1,0.0667
2019-11-29,KLAC,0.6268,0.7005,0.96,0.96,0.96,2,0.0667
2019-11-29,LRCX,0.5642,0.7762,0.92,0.98,0.938,3,0.0667
2019-11-29,AMAT,0.505,0.5888,0.86,0.92,0.878,4,0.0667
2019-11-29,AAPL,0.5526,0.4992,0.9,0.8,0.87,5,0.0667
2019-11-29,NVDA,0.6229,0.3607,0.94,0.68,0.862,6,0.0667
2019-11-29,AMD,0.4195,0.8346,0.8,1.0,0.86,7,0.0667
2019-11-29,ASML,0.4536,0.5775,0.84,0.9,0.858,8,0.0667
2019-11-29,FTNT,0.5091,0.4297,0.88,0.76,0.844,9,0.0667
2019-11-29,QCOM,0.2749,0.5341,0.7,0.82,0.736,10,0.0667
2019-11-29,AVGO,0.2725,0.3965,0.68,0.74,0.698,11,0.0667
2019-11-29,MU,0.4534,0.2273,0.82,0.4,0.694,12,0.0667
2019-11-29,TSLA,0.8435,-0.0515,0.98,0.02,0.692,13,0.0667
2019-11-29,MSFT,0.2717,0.3825,0.66,0.72,0.678,14,0.0667
2019-11-29,SNPS,0.2436,0.5593,0.6,0.84,0.672,15,0.0667
2019-12-31,LRCX,0.5767,1.1933,0.96,0.98,0.966,1,0.0667
2019-12-31,KLAC,0.5049,1.0399,0.94,0.96,0.946,2,0.0667
2019-12-31,AMD,0.468,1.4843,0.92,1.0,0.944,3,0.0667
2019-12-31,PDD,0.8621,0.6854,0.98,0.82,0.932,4,0.0667
2019-12-31,AAPL,0.4583,0.8896,0.9,0.88,0.894,5,0.0667
2019-12-31,ASML,0.3862,0.9323,0.86,0.92,0.878,6,0.0667
2019-12-31,NVDA,0.4529,0.7694,0.88,0.86,0.874,7,0.0667
2019-12-31,AMAT,0.3777,0.8986,0.84,0.9,0.858,8,0.0667
2019-12-31,MU,0.3581,0.6949,0.8,0.84,0.812,9,0.0667
2019-12-31,FTNT,0.3668,0.5158,0.82,0.68,0.778,10,0.0667
2019-12-31,TSLA,0.863,0.257,1.0,0.22,0.766,11,0.0667
2019-12-31,QCOM,0.1637,0.6076,0.66,0.76,0.69,12,0.0667
2019-12-31,MCHP,0.1763,0.4803,0.68,0.66,0.674,13,0.0667
2019-12-31,MSFT,0.1624,0.5756,0.64,0.72,0.664,14,0.0667
2019-12-31,CTAS,0.1416,0.6173,0.6,0.78,0.654,15,0.0667
2020-01-31,TSLA,1.782,1.119,1.0,1.0,1.0,1,0.0667
2020-01-31,AMD,0.574,0.9254,0.98,0.98,0.98,2,0.0667
2020-01-31,AAPL,0.4951,0.8875,0.94,0.96,0.946,3,0.0667
2020-01-31,LRCX,0.4629,0.7962,0.92,0.92,0.92,4,0.0667
2020-01-31,NVDA,0.4361,0.6512,0.88,0.86,0.874,5,0.0667
2020-01-31,FTNT,0.4599,0.5066,0.9,0.76,0.858,6,0.0667
2020-01-31,ASML,0.2729,0.6293,0.82,0.84,0.826,7,0.0667
2020-01-31,MSFT,0.2413,0.6542,0.78,0.88,0.81,8,0.0667
2020-01-31,INTC,0.3074,0.3906,0.86,0.66,0.8,9,0.0667
2020-01-31,PDD,0.5543,0.2058,0.96,0.36,0.78,10,0.0667
2020-01-31,KLAC,0.2245,0.5934,0.76,0.82,0.778,11,0.0667
2020-01-31,ADSK,0.2827,0.3373,0.84,0.62,0.774,12,0.0667
2020-01-31,QCOM,0.2171,0.7864,0.72,0.9,0.774,12,0.0667
2020-01-31,AMAT,0.206,0.5111,0.7,0.78,0.724,14,0.0667
2020-01-31,MU,0.2177,0.3891,0.74,0.64,0.71,15,0.0667
2020-02-28,TSLA,2.0984,1.0883,1.0,1.0,1.0,1,0.0667
2020-02-28,NVDA,0.6774,0.7568,0.98,0.96,0.974,2,0.0667
2020-02-28,AMD,0.4776,0.9329,0.94,0.98,0.952,3,0.0667
2020-02-28,LRCX,0.457,0.7021,0.92,0.94,0.926,4,0.0667
2020-02-28,AAPL,0.3372,0.5994,0.88,0.92,0.892,5,0.0667
2020-02-28,ASML,0.2881,0.5375,0.84,0.88,0.852,6,0.0667
2020-02-28,AMAT,0.2746,0.5407,0.82,0.9,0.844,7,0.0667
2020-02-28,ADSK,0.3626,0.171,0.9,0.56,0.798,8,0.0667
2020-02-28,FTNT,0.311,0.1759,0.86,0.58,0.776,9,0.0667
2020-02-28,ADBE,0.2233,0.3147,0.74,0.76,0.746,10,0.0667
2020-02-28,REGN,0.5456,0.0321,0.96,0.24,0.744,11,0.0667
2020-02-28,MSFT,0.2025,0.4653,0.7,0.84,0.742,12,0.0667
2020-02-28,VRTX,0.2562,0.1869,0.78,0.6,0.726,13,0.0667
2020-02-28,MU,0.2181,0.2857,0.72,0.7,0.714,14,0.0667
2020-02-28,TMUS,0.17,0.2486,0.68,0.68,0.68,15,0.0667
2020-03-31,TSLA,1.1754,0.812,1.0,1.0,1.0,1,0.0667
2020-03-31,AMD,0.5688,0.7253,0.96,0.98,0.966,2,0.0667
2020-03-31,NVDA,0.5164,0.4511,0.94,0.94,0.94,3,0.0667
2020-03-31,REGN,0.7602,0.1908,0.98,0.76,0.914,4,0.0667
2020-03-31,VRTX,0.4045,0.279,0.92,0.84,0.896,5,0.0667
2020-03-31,AAPL,0.1415,0.3471,0.82,0.9,0.844,6,0.0667
2020-03-31,FTNT,0.318,0.1872,0.88,0.74,0.838,7,0.0667
2020-03-31,MSFT,0.1413,0.3426,0.8,0.88,0.824,8,0.0667
2020-03-31,PDD,0.1182,0.4605,0.76,0.96,0.82,9,0.0667
2020-03-31,GILD,0.2017,0.178,0.86,0.7,0.812,10,0.0667
2020-03-31,ADBE,0.152,0.1693,0.84,0.68,0.792,11,0.0667
2020-03-31,NFLX,0.4031,0.0233,0.9,0.54,0.792,11,0.0667
2020-03-31,ASML,0.0578,0.3812,0.68,0.92,0.752,13,0.0667
2020-03-31,TMUS,0.0651,0.1991,0.74,0.78,0.752,13,0.0667
2020-03-31,AMZN,0.1232,0.0747,0.78,0.6,0.726,15,0.0667
2020-04-30,TSLA,1.4726,2.3412,1.0,1.0,1.0,1,0.0667
2020-04-30,REGN,0.6939,0.5431,0.98,0.92,0.962,2,0.0667
2020-04-30,AMD,0.5861,0.9541,0.96,0.96,0.96,3,0.0667
2020-04-30,NVDA,0.4423,0.6252,0.92,0.94,0.926,4,0.0667
2020-04-30,GILD,0.3487,0.3442,0.88,0.8,0.856,5,0.0667
2020-04-30,AMZN,0.4035,0.2943,0.9,0.74,0.852,6,0.0667
2020-04-30,VRTX,0.2694,0.4554,0.8,0.9,0.83,7,0.0667
2020-04-30,MSFT,0.2624,0.4199,0.78,0.88,0.81,8,0.0667
2020-04-30,NFLX,0.493,0.1083,0.94,0.46,0.796,9,0.0667
2020-04-30,ADBE,0.3028,0.2481,0.84,0.68,0.792,10,0.0667
2020-04-30,PDD,0.1714,1.0361,0.7,0.98,0.784,11,0.0667
2020-04-30,AAPL,0.2141,0.4139,0.74,0.86,0.776,12,0.0667
2020-04-30,FTNT,0.3342,0.1725,0.86,0.58,0.776,12,0.0667
2020-04-30,AMGN,0.1604,0.3985,0.68,0.82,0.722,14,0.0667
2020-04-30,CDNS,0.2298,0.1837,0.76,0.6,0.712,15,0.0667
2020-05-29,TSLA,1.5386,3.4363,1.0,1.0,1.0,1,0.0667
2020-05-29,PDD,0.8083,2.4031,0.98,0.98,0.98,2,0.0667
2020-05-29,REGN,0.6843,0.9899,0.96,0.94,0.954,3,0.0667
2020-05-29,NVDA,0.6382,1.558,0.94,0.96,0.946,4,0.0667
2020-05-29,AMD,0.3798,0.9194,0.88,0.92,0.892,5,0.0667
2020-05-29,MELI,0.4605,0.4727,0.92,0.74,0.866,6,0.0667
2020-05-29,FTNT,0.3337,0.8304,0.82,0.9,0.844,7,0.0667
2020-05-29,PYPL,0.4596,0.3913,0.9,0.6,0.81,8,0.0667
2020-05-29,VRTX,0.3146,0.6913,0.8,0.82,0.806,9,0.0667
2020-05-29,AMZN,0.3592,0.3447,0.86,0.58,0.776,10,0.0667
2020-05-29,SNPS,0.2916,0.5457,0.76,0.78,0.766,11,0.0667
2020-05-29,CDNS,0.313,0.4193,0.78,0.66,0.744,12,0.0667
2020-05-29,ASML,0.2199,0.7516,0.68,0.86,0.734,13,0.0667
2020-05-29,AAPL,0.2091,0.8045,0.64,0.88,0.712,14,0.0667
2020-05-29,NFLX,0.3432,0.1929,0.84,0.38,0.702,15,0.0667
2020-06-30,TSLA,1.6038,3.7533,1.0,1.0,1.0,1,0.0667
2020-06-30,PDD,1.2501,3.1589,0.98,0.98,0.98,2,0.0667
2020-06-30,REGN,0.6689,0.9701,0.94,0.94,0.94,3,0.0667
2020-06-30,NVDA,0.637,1.2926,0.92,0.96,0.932,4,0.0667
2020-06-30,MELI,0.6884,0.5917,0.96,0.78,0.906,5,0.0667
2020-06-30,PYPL,0.6137,0.5146,0.9,0.74,0.852,6,0.0667
2020-06-30,AMZN,0.4938,0.4352,0.88,0.68,0.82,7,0.0667
2020-06-30,SNPS,0.4019,0.4837,0.84,0.72,0.804,8,0.0667
2020-06-30,VRTX,0.3258,0.5965,0.78,0.8,0.786,9,0.0667
2020-06-30,FTNT,0.2835,0.7783,0.7,0.9,0.76,10,0.0667
2020-06-30,CDNS,0.3711,0.3082,0.82,0.6,0.754,11,0.0667
2020-06-30,AAPL,0.2577,0.8316,0.68,0.92,0.752,12,0.0667
2020-06-30,NFLX,0.4074,0.2147,0.86,0.5,0.752,12,0.0667
2020-06-30,TMUS,0.3339,0.4046,0.8,0.64,0.752,12,0.0667
2020-06-30,ADBE,0.3258,0.4464,0.76,0.7,0.742,15,0.0667
2020-07-31,PDD,1.6065,3.0512,1.0,0.98,0.994,1,0.0667
2020-07-31,TSLA,1.1992,5.1183,0.98,1.0,0.986,2,0.0667
2020-07-31,REGN,0.8704,1.0427,0.96,0.9,0.942,3,0.0667
2020-07-31,NVDA,0.7977,1.5817,0.94,0.94,0.94,4,0.0667
2020-07-31,AMD,0.6474,1.5931,0.88,0.96,0.904,5,0.0667
2020-07-31,PYPL,0.7216,0.7696,0.92,0.84,0.896,6,0.0667
2020-07-31,MELI,0.6963,0.7952,0.9,0.86,0.888,7,0.0667
2020-07-31,AMZN,0.5755,0.7057,0.86,0.8,0.842,8,0.0667
2020-07-31,AAPL,0.3803,1.0636,0.8,0.92,0.836,9,0.0667
2020-07-31,NFLX,0.4167,0.5301,0.82,0.72,0.79,10,0.0667
2020-07-31,LRCX,0.2774,0.8686,0.74,0.88,0.782,11,0.0667
2020-07-31,CDNS,0.515,0.4958,0.84,0.64,0.78,12,0.0667
2020-07-31,ASML,0.2667,0.6124,0.72,0.78,0.738,13,0.0667
2020-07-31,SNPS,0.3506,0.5033,0.76,0.68,0.736,14,0.0667
2020-07-31,TMUS,0.356,0.3539,0.78,0.58,0.72,15,0.0667
2020-08-31,TSLA,2.3421,10.0438,1.0,1.0,1.0,1,0.0667
2020-08-31,PDD,1.4851,1.7141,0.98,0.94,0.968,2,0.0667
2020-08-31,NVDA,1.013,2.1994,0.96,0.98,0.966,3,0.0667
2020-08-31,AMD,0.9427,1.8878,0.94,0.96,0.946,4,0.0667
2020-08-31,MELI,0.8706,0.9653,0.92,0.88,0.908,5,0.0667
2020-08-31,PYPL,0.8599,0.872,0.9,0.84,0.882,6,0.0667
2020-08-31,AAPL,0.7921,1.4973,0.86,0.92,0.878,7,0.0667
2020-08-31,AMZN,0.8077,0.9428,0.88,0.86,0.874,8,0.0667
2020-08-31,CDNS,0.6746,0.6196,0.84,0.68,0.792,9,0.0667
2020-08-31,ADBE,0.4738,0.8045,0.76,0.82,0.778,10,0.0667
2020-08-31,SNPS,0.5794,0.5605,0.82,0.62,0.76,11,0.0667
2020-08-31,NFLX,0.436,0.8028,0.74,0.8,0.758,12,0.0667
2020-08-31,META,0.5773,0.5791,0.8,0.64,0.752,13,0.0667
2020-08-31,QCOM,0.5399,0.5801,0.78,0.66,0.744,14,0.0667
2020-08-31,REGN,0.3431,1.1373,0.64,0.9,0.718,15,0.0667
2020-09-30,TSLA,3.4544,7.7664,1.0,1.0,1.0,1,0.0667
2020-09-30,NVDA,1.2283,2.117,0.96,0.98,0.966,2,0.0667
2020-09-30,MELI,1.4198,0.9666,0.98,0.88,0.95,3,0.0667
2020-09-30,PDD,1.0655,1.2641,0.92,0.94,0.926,4,0.0667
2020-09-30,PYPL,1.1562,0.9217,0.94,0.86,0.916,5,0.0667
2020-09-30,AAPL,0.9316,1.0831,0.88,0.92,0.892,6,0.0667
2020-09-30,AMD,0.8779,1.8508,0.86,0.96,0.89,7,0.0667
2020-09-30,QCOM,0.8092,0.6047,0.84,0.74,0.81,8,0.0667
2020-09-30,SNPS,0.6988,0.5735,0.82,0.7,0.784,9,0.0667
2020-09-30,AMZN,0.6505,0.8142,0.76,0.82,0.778,10,0.0667
2020-09-30,CTAS,1.0458,0.2808,0.9,0.48,0.774,11,0.0667
2020-09-30,ADSK,0.6593,0.5854,0.78,0.72,0.762,12,0.0667
2020-09-30,CDNS,0.6344,0.6332,0.7,0.78,0.724,13,0.0667
2020-09-30,AVGO,0.6609,0.3883,0.8,0.54,0.722,14,0.0667
2020-09-30,ADBE,0.6282,0.7984,0.68,0.8,0.716,15,0.0667
2020-10-30,TSLA,1.5489,5.1609,1.0,1.0,1.0,1,0.0667
2020-10-30,MELI,0.9988,1.3279,0.98,0.96,0.974,2,0.0667
2020-10-30,NVDA,0.7225,1.4993,0.94,0.98,0.952,3,0.0667
2020-10-30,PDD,0.9405,1.2011,0.96,0.92,0.948,4,0.0667
2020-10-30,PYPL,0.5052,0.788,0.9,0.9,0.9,5,0.0667
2020-10-30,QCOM,0.6514,0.5782,0.92,0.74,0.866,6,0.0667
2020-10-30,AAPL,0.492,0.7678,0.86,0.86,0.86,7,0.0667
2020-10-30,AMD,0.4325,1.219,0.82,0.94,0.856,8,0.0667
2020-10-30,CDNS,0.4087,0.6736,0.78,0.82,0.792,9,0.0667
2020-10-30,SNPS,0.4155,0.5754,0.8,0.72,0.776,10,0.0667
2020-10-30,LRCX,0.4701,0.2852,0.84,0.58,0.762,11,0.0667
2020-10-30,CTAS,0.5004,0.1821,0.88,0.42,0.742,12,0.0667
2020-10-30,AMZN,0.311,0.7089,0.68,0.84,0.728,13,0.0667
2020-10-30,ADSK,0.3247,0.5984,0.7,0.76,0.718,14,0.0667
2020-10-30,AVGO,0.3592,0.2504,0.76,0.52,0.688,15,0.0667
2020-11-30,TSLA,2.2193,7.6016,1.0,1.0,1.0,1,0.0667
2020-11-30,PDD,1.0626,2.8612,0.98,0.98,0.98,2,0.0667
2020-11-30,MELI,0.8067,1.6755,0.96,0.96,0.96,3,0.0667
2020-11-30,QCOM,0.7618,0.8127,0.94,0.88,0.922,4,0.0667
2020-11-30,AMD,0.7307,1.3668,0.92,0.92,0.92,5,0.0667
2020-11-30,NVDA,0.5197,1.4766,0.88,0.94,0.898,6,0.0667
2020-11-30,LRCX,0.6806,0.7274,0.9,0.82,0.876,7,0.0667
2020-11-30,AAPL,0.478,0.7972,0.84,0.86,0.846,8,0.0667
2020-11-30,AMAT,0.4877,0.4437,0.86,0.64,0.794,9,0.0667
2020-11-30,KLAC,0.4329,0.5655,0.82,0.72,0.79,10,0.0667
2020-11-30,PYPL,0.3596,0.9824,0.7,0.9,0.76,11,0.0667
2020-11-30,MCHP,0.3966,0.4414,0.78,0.62,0.732,12,0.0667
2020-11-30,CTAS,0.408,0.3967,0.8,0.54,0.722,13,0.0667
2020-11-30,TMUS,0.324,0.6924,0.64,0.8,0.688,14,0.0667
2020-11-30,AMZN,0.2814,0.7592,0.6,0.84,0.672,15,0.0667
2020-12-31,TSLA,1.9192,7.2005,1.0,1.0,1.0,1,0.0667
2020-12-31,PDD,0.9104,3.3092,0.98,0.98,0.98,2,0.0667
2020-12-31,MELI,0.6948,1.7454,0.94,0.96,0.946,3,0.0667
2020-12-31,AMD,0.7522,0.8678,0.96,0.88,0.936,4,0.0667
2020-12-31,QCOM,0.6743,0.7616,0.92,0.82,0.89,5,0.0667
2020-12-31,PANW,0.5416,0.5097,0.9,0.68,0.834,6,0.0667
2020-12-31,AAPL,0.4628,0.7824,0.78,0.84,0.798,7,0.0667
2020-12-31,LRCX,0.4684,0.6115,0.82,0.7,0.784,8,0.0667
2020-12-31,MU,0.5087,0.3573,0.88,0.5,0.766,9,0.0667
2020-12-31,CDNS,0.3947,0.9097,0.7,0.9,0.76,10,0.0667
2020-12-31,NVDA,0.359,1.1802,0.68,0.94,0.758,11,0.0667
2020-12-31,AMAT,0.4237,0.4062,0.76,0.56,0.7,12,0.0667
2020-12-31,AVGO,0.4125,0.4202,0.74,0.58,0.692,13,0.0667
2020-12-31,HON,0.4819,0.2039,0.84,0.26,0.666,14,0.0667
2020-12-31,ISRG,0.4094,0.3698,0.72,0.52,0.66,15,0.0667
2021-01-29,TSLA,1.6673,5.1916,1.0,1.0,1.0,1,0.0667
2021-01-29,PDD,0.9509,3.612,0.98,0.98,0.98,2,0.0667
2021-01-29,MELI,0.6068,1.6517,0.96,0.96,0.96,3,0.0667
2021-01-29,ASML,0.4783,0.8308,0.9,0.9,0.9,4,0.0667
2021-01-29,QCOM,0.4721,0.8259,0.88,0.88,0.88,5,0.0667
2021-01-29,AMAT,0.5102,0.6263,0.92,0.74,0.866,6,0.0667
2021-01-29,MU,0.5426,0.4223,0.94,0.6,0.838,7,0.0667
2021-01-29,KLAC,0.4268,0.6489,0.84,0.78,0.822,8,0.0667
2021-01-29,AVGO,0.469,0.4945,0.86,0.64,0.794,9,0.0667
2021-01-29,AAPL,0.3767,0.6439,0.8,0.76,0.788,10,0.0667
2021-01-29,PANW,0.393,0.4737,0.82,0.62,0.76,11,0.0667
2021-01-29,SNPS,0.2815,0.6937,0.68,0.8,0.716,12,0.0667
2021-01-29,LRCX,0.2867,0.582,0.7,0.72,0.706,13,0.0667
2021-01-29,MCHP,0.3397,0.359,0.76,0.54,0.694,14,0.0667
2021-01-29,NVDA,0.2246,1.1173,0.58,0.94,0.688,15,0.0667
2021-02-26,PDD,0.9178,3.8653,0.98,0.98,0.98,1,0.0667
2021-02-26,TSLA,0.5686,3.9742,0.92,1.0,0.944,2,0.0667
2021-02-26,AMAT,0.8627,1.0989,0.96,0.86,0.93,3,0.0667
2021-02-26,MU,1.0358,0.8096,1.0,0.74,0.922,4,0.0667
2021-02-26,LRCX,0.6226,1.018,0.94,0.82,0.904,5,0.0667
2021-02-26,KLAC,0.4762,1.1363,0.88,0.88,0.88,6,0.0667
2021-02-26,ASML,0.4752,1.0639,0.86,0.84,0.854,7,0.0667
2021-02-26,MELI,0.3472,1.7302,0.78,0.96,0.834,8,0.0667
2021-02-26,PANW,0.3601,0.9104,0.8,0.78,0.794,9,0.0667
2021-02-26,AVGO,0.4078,0.7935,0.82,0.72,0.79,10,0.0667
2021-02-26,MCHP,0.4259,0.7205,0.84,0.66,0.786,11,0.0667
2021-02-26,PYPL,0.277,1.4096,0.72,0.94,0.786,11,0.0667
2021-02-26,CDNS,0.2522,1.1429,0.68,0.9,0.746,13,0.0667
2021-02-26,MAR,0.5205,0.2376,0.9,0.26,0.708,14,0.0667
2021-02-26,ADI,0.311,0.4747,0.74,0.52,0.674,15,0.0667
2021-03-31,AMAT,1.2506,1.9514,1.0,0.94,0.982,1,0.0667
2021-03-31,PDD,0.8166,2.7158,0.98,0.98,0.98,2,0.0667
2021-03-31,LRCX,0.7714,1.5121,0.96,0.9,0.942,3,0.0667
2021-03-31,TSLA,0.5938,5.3734,0.88,1.0,0.916,4,0.0667
2021-03-31,MU,0.7395,1.0972,0.94,0.82,0.904,5,0.0667
2021-03-31,KLAC,0.7203,1.335,0.92,0.86,0.902,6,0.0667
2021-03-31,ASML,0.6571,1.3807,0.9,0.88,0.894,7,0.0667
2021-03-31,MCHP,0.5191,1.3194,0.82,0.84,0.826,8,0.0667
2021-03-31,MAR,0.5888,0.9798,0.86,0.7,0.812,9,0.0667
2021-03-31,MELI,0.3595,2.0131,0.74,0.96,0.806,10,0.0667
2021-03-31,FTNT,0.5749,0.8229,0.84,0.6,0.768,11,0.0667
2021-03-31,GOOGL,0.4069,0.7751,0.8,0.56,0.728,12,0.0667
2021-03-31,TXN,0.3534,0.9446,0.72,0.66,0.702,13,0.0667
2021-03-31,BKNG,0.3926,0.7318,0.78,0.5,0.696,14,0.0667
2021-03-31,CDNS,0.295,1.0743,0.6,0.8,0.66,15,0.0667
2021-04-30,AMAT,1.3265,1.704,1.0,0.96,0.988,1,0.0667
2021-04-30,LRCX,0.8399,1.4618,0.98,0.92,0.962,2,0.0667
2021-04-30,TSLA,0.7473,3.5368,0.94,1.0,0.958,3,0.0667
2021-04-30,ASML,0.793,1.2557,0.96,0.9,0.942,4,0.0667
2021-04-30,FTNT,0.7169,0.8956,0.9,0.82,0.876,5,0.0667
2021-04-30,KLAC,0.6659,0.9522,0.88,0.84,0.868,6,0.0667
2021-04-30,MU,0.7214,0.7972,0.92,0.74,0.866,7,0.0667
2021-04-30,PDD,0.4883,1.8231,0.78,0.98,0.84,8,0.0667
2021-04-30,PANW,0.5642,0.7983,0.84,0.76,0.816,9,0.0667
2021-04-30,GOOGL,0.5578,0.7476,0.82,0.72,0.79,10,0.0667
2021-04-30,MAR,0.6508,0.6332,0.86,0.62,0.788,11,0.0667
2021-04-30,PYPL,0.3639,1.1324,0.7,0.88,0.754,12,0.0667
2021-04-30,BKNG,0.5365,0.6656,0.8,0.64,0.752,13,0.0667
2021-04-30,MCHP,0.4737,0.7356,0.76,0.68,0.736,14,0.0667
2021-04-30,HON,0.3966,0.6069,0.72,0.56,0.672,15,0.0667
2021-05-28,AMAT,0.7086,1.4832,0.98,0.98,0.98,1,0.0667
2021-05-28,ASML,0.5997,1.0638,0.96,0.94,0.954,2,0.0667
2021-05-28,LRCX,0.4618,1.4052,0.94,0.96,0.946,3,0.0667
2021-05-28,FTNT,0.8233,0.57,1.0,0.64,0.892,4,0.0667
2021-05-28,MU,0.3265,0.7562,0.9,0.86,0.888,5,0.0667
2021-05-28,KLAC,0.2803,0.8262,0.88,0.88,0.88,6,0.0667
2021-05-28,GOOGL,0.336,0.6441,0.92,0.76,0.872,7,0.0667
2021-05-28,NVDA,0.2282,0.8328,0.78,0.9,0.816,8,0.0667
2021-05-28,AVGO,0.2284,0.6804,0.8,0.82,0.806,9,0.0667
2021-05-28,INTU,0.2567,0.5223,0.84,0.6,0.768,10,0.0667
2021-05-28,PYPL,0.2124,0.6774,0.7,0.8,0.73,11,0.0667
2021-05-28,TXN,0.2184,0.64,0.72,0.74,0.726,12,0.0667
2021-05-28,PANW,0.2219,0.544,0.74,0.62,0.704,13,0.0667
2021-05-28,MCHP,0.1961,0.6538,0.66,0.78,0.696,14,0.0667
2021-05-28,ADI,0.2265,0.4839,0.76,0.54,0.694,15,0.0667
2021-06-30,AMAT,0.696,1.3792,1.0,0.98,0.994,1,0.0667
2021-06-30,NVDA,0.5463,1.1085,0.96,0.96,0.96,2,0.0667
2021-06-30,FTNT,0.6145,0.7352,0.98,0.88,0.95,3,0.0667
2021-06-30,ASML,0.4315,0.8899,0.94,0.92,0.934,4,0.0667
2021-06-30,LRCX,0.3811,1.0336,0.9,0.94,0.912,5,0.0667
2021-06-30,GOOGL,0.3891,0.7219,0.92,0.86,0.902,6,0.0667
2021-06-30,INTU,0.2996,0.6657,0.88,0.8,0.856,7,0.0667
2021-06-30,KLAC,0.282,0.6904,0.86,0.84,0.854,8,0.0667
2021-06-30,PYPL,0.2617,0.673,0.84,0.82,0.834,9,0.0667
2021-06-30,MU,0.2104,0.6495,0.74,0.78,0.752,10,0.0667
2021-06-30,META,0.2563,0.5313,0.82,0.58,0.748,11,0.0667
2021-06-30,TXN,0.2069,0.5538,0.7,0.64,0.682,12,0.0667
2021-06-30,ADI,0.2086,0.4294,0.72,0.46,0.642,13,0.0667
2021-06-30,ORLY,0.2511,0.3428,0.8,0.26,0.638,14,0.0667
2021-06-30,ISRG,0.1297,0.6139,0.58,0.74,0.628,15,0.0667
2021-07-30,FTNT,0.8808,0.9908,1.0,0.94,0.982,1,0.0667
2021-07-30,NVDA,0.502,0.8393,0.98,0.92,0.962,2,0.0667
2021-07-30,AMAT,0.4526,1.1938,0.92,0.98,0.938,3,0.0667
2021-07-30,GOOGL,0.4745,0.7515,0.96,0.86,0.93,4,0.0667
2021-07-30,INTU,0.4709,0.7541,0.94,0.88,0.922,5,0.0667
2021-07-30,ASML,0.4396,1.1281,0.9,0.96,0.918,6,0.0667
2021-07-30,LRCX,0.3229,0.7022,0.8,0.82,0.806,7,0.0667
2021-07-30,META,0.3792,0.5194,0.86,0.66,0.8,8,0.0667
2021-07-30,ADP,0.2821,0.6123,0.78,0.78,0.78,9,0.0667
2021-07-30,SBUX,0.2647,0.6138,0.76,0.8,0.772,10,0.0667
2021-07-30,KLAC,0.2503,0.7839,0.7,0.9,0.76,11,0.0667
2021-07-30,MAR,0.2551,0.7072,0.72,0.84,0.756,12,0.0667
2021-07-30,ISRG,0.3261,0.4424,0.82,0.58,0.748,13,0.0667
2021-07-30,ADBE,0.355,0.4164,0.84,0.5,0.738,14,0.0667
2021-07-30,ORLY,0.4192,0.2566,0.88,0.26,0.694,15,0.0667
2021-08-31,FTNT,0.8551,1.3872,1.0,1.0,1.0,1,0.0667
2021-08-31,ASML,0.5369,1.2414,0.96,0.98,0.966,2,0.0667
2021-08-31,NVDA,0.7495,0.676,0.98,0.86,0.944,3,0.0667
2021-08-31,INTU,0.4602,0.6489,0.88,0.84,0.868,4,0.0667
2021-08-31,GOOGL,0.4388,0.7759,0.84,0.9,0.858,5,0.0667
2021-08-31,PANW,0.3412,0.7911,0.76,0.92,0.808,6,0.0667
2021-08-31,ISRG,0.4489,0.4416,0.86,0.64,0.794,7,0.0667
2021-08-31,SNPS,0.4023,0.5013,0.8,0.76,0.788,8,0.0667
2021-08-31,META,0.4854,0.2939,0.92,0.44,0.776,9,0.0667
2021-08-31,ADBE,0.48,0.2928,0.9,0.42,0.756,10,0.0667
2021-08-31,COST,0.4118,0.3551,0.82,0.5,0.724,11,0.0667
2021-08-31,CSCO,0.3263,0.4424,0.72,0.66,0.702,12,0.0667
2021-08-31,REGN,0.5074,0.0863,0.94,0.12,0.694,13,0.0667
2021-08-31,MELI,0.2222,0.598,0.62,0.8,0.674,14,0.0667
2021-08-31,MSFT,0.3322,0.3508,0.74,0.48,0.662,15,0.0667
2021-09-30,FTNT,0.5668,1.4789,1.0,1.0,1.0,1,0.0667
2021-09-30,PANW,0.4601,0.9571,0.96,0.94,0.954,2,0.0667
2021-09-30,NVDA,0.5005,0.5327,0.98,0.78,0.92,3,0.0667
2021-09-30,INTU,0.3686,0.6638,0.94,0.84,0.91,4,0.0667
2021-09-30,GOOGL,0.2553,0.8242,0.84,0.92,0.864,5,0.0667
2021-09-30,ISRG,0.3298,0.4011,0.92,0.64,0.836,6,0.0667
2021-09-30,ASML,0.1729,1.0315,0.76,0.96,0.82,7,0.0667
2021-09-30,TSLA,0.1719,0.8076,0.74,0.9,0.788,8,0.0667
2021-09-30,COST,0.2711,0.3092,0.88,0.46,0.754,9,0.0667
2021-09-30,SNPS,0.1777,0.3992,0.78,0.62,0.732,10,0.0667
2021-09-30,ORLY,0.2033,0.3253,0.82,0.52,0.73,11,0.0667
2021-09-30,AMD,0.269,0.255,0.86,0.4,0.722,12,0.0667
2021-09-30,MELI,0.1118,0.5514,0.64,0.8,0.688,13,0.0667
2021-09-30,MSFT,0.1682,0.3527,0.72,0.54,0.666,14,0.0667
2021-09-30,REGN,0.2743,0.0811,0.9,0.12,0.666,14,0.0667
2021-10-29,FTNT,0.6554,1.8503,0.98,1.0,0.986,1,0.0667
2021-10-29,NVDA,0.7239,0.9651,1.0,0.9,0.97,2,0.0667
2021-10-29,TSLA,0.6265,1.7116,0.96,0.98,0.966,3,0.0667
2021-10-29,PANW,0.4584,1.2253,0.9,0.94,0.912,4,0.0667
2021-10-29,INTU,0.5255,0.9331,0.92,0.88,0.908,5,0.0667
2021-10-29,AMD,0.5306,0.541,0.94,0.68,0.862,6,0.0667
2021-10-29,SNPS,0.361,0.5182,0.88,0.66,0.814,7,0.0667
2021-10-29,MSFT,0.3223,0.6347,0.82,0.8,0.814,8,0.0667
2021-10-29,CDNS,0.3355,0.5707,0.84,0.72,0.804,9,0.0667
2021-10-29,GOOGL,0.2637,0.9018,0.74,0.86,0.776,10,0.0667
2021-10-29,ASML,0.2421,1.2067,0.7,0.92,0.766,11,0.0667
2021-10-29,NFLX,0.3559,0.3691,0.86,0.44,0.734,12,0.0667
2021-10-29,ISRG,0.2488,0.5786,0.72,0.74,0.726,13,0.0667
2021-10-29,KLAC,0.2052,0.8696,0.66,0.84,0.714,14,0.0667
2021-10-29,ADBE,0.2918,0.4104,0.76,0.56,0.7,15,0.0667
2021-11-30,NVDA,0.9483,1.4408,1.0,0.98,0.994,1,0.0667
2021-11-30,TSLA,0.8918,1.0168,0.96,0.96,0.96,2,0.0667
2021-11-30,FTNT,0.5349,1.695,0.94,1.0,0.958,3,0.0667
2021-11-30,AMD,0.932,0.7092,0.98,0.86,0.944,4,0.0667
2021-11-30,PANW,0.5292,0.8608,0.92,0.92,0.92,5,0.0667
2021-11-30,INTU,0.468,0.8632,0.9,0.94,0.912,6,0.0667
2021-11-30,CDNS,0.425,0.5259,0.88,0.78,0.85,7,0.0667
2021-11-30,COST,0.4222,0.4236,0.86,0.7,0.812,8,0.0667
2021-11-30,MSFT,0.3418,0.5573,0.78,0.8,0.786,9,0.0667
2021-11-30,SNPS,0.3476,0.4989,0.8,0.74,0.782,10,0.0667
2021-11-30,ADBE,0.3511,0.4,0.82,0.66,0.772,11,0.0667
2021-11-30,KLAC,0.3007,0.6385,0.74,0.84,0.77,12,0.0667
2021-11-30,QCOM,0.3556,0.2502,0.84,0.48,0.732,13,0.0667
2021-11-30,AAPL,0.3257,0.3971,0.76,0.64,0.724,14,0.0667
2021-11-30,GOOGL,0.1971,0.6176,0.66,0.82,0.708,15,0.0667
2021-12-31,FTNT,0.449,1.4197,0.94,1.0,0.958,1,0.0667
2021-12-31,AMD,0.5195,0.5691,0.98,0.86,0.944,2,0.0667
2021-12-31,NVDA,0.436,1.2548,0.9,0.98,0.924,3,0.0667
2021-12-31,PANW,0.4934,0.5666,0.96,0.84,0.924,3,0.0667
2021-12-31,TSLA,0.5566,0.4976,1.0,0.72,0.916,5,0.0667
2021-12-31,AVGO,0.4409,0.5648,0.92,0.82,0.89,6,0.0667
2021-12-31,KLAC,0.3873,0.6805,0.86,0.92,0.878,7,0.0667
2021-12-31,INTU,0.2957,0.7027,0.8,0.94,0.842,8,0.0667
2021-12-31,COST,0.428,0.5182,0.88,0.74,0.838,9,0.0667
2021-12-31,CDNS,0.3509,0.3659,0.84,0.64,0.78,10,0.0667
2021-12-31,SNPS,0.32,0.4215,0.82,0.66,0.772,11,0.0667
2021-12-31,MSFT,0.2158,0.5248,0.72,0.76,0.732,12,0.0667
2021-12-31,ORLY,0.2137,0.5605,0.7,0.8,0.73,13,0.0667
2021-12-31,ADP,0.2349,0.426,0.74,0.68,0.722,14,0.0667
2021-12-31,AAPL,0.2725,0.3465,0.76,0.62,0.718,15,0.0667
2022-01-31,NVDA,0.2402,0.8514,0.96,0.98,0.966,1,0.0667
2022-01-31,PANW,0.2925,0.4318,0.98,0.9,0.956,2,0.0667
2022-01-31,COST,0.1796,0.4521,0.86,0.92,0.878,3,0.0667
2022-01-31,AAPL,0.2046,0.311,0.9,0.8,0.87,4,0.0667
2022-01-31,AVGO,0.2254,0.2925,0.92,0.72,0.86,5,0.0667
2022-01-31,KLAC,0.1318,0.3457,0.84,0.82,0.834,6,0.0667
2022-01-31,TSLA,0.3199,0.1154,1.0,0.42,0.826,7,0.0667
2022-01-31,ORLY,0.0842,0.493,0.74,0.94,0.8,8,0.0667
2022-01-31,MAR,0.1122,0.3683,0.78,0.84,0.798,9,0.0667
2022-01-31,PEP,0.1252,0.3038,0.8,0.76,0.788,10,0.0667
2022-01-31,BKNG,0.1314,0.234,0.82,0.64,0.766,11,0.0667
2022-01-31,MSFT,0.0959,0.3085,0.76,0.78,0.766,12,0.0667
2022-01-31,VRTX,0.2255,0.0487,0.94,0.28,0.742,13,0.0667
2022-01-31,QCOM,0.1907,0.1078,0.88,0.4,0.736,14,0.0667
2022-01-31,INTU,0.0551,0.4937,0.62,0.96,0.722,15,0.0667
2022-02-28,PANW,0.2883,0.6175,1.0,0.96,0.988,1,0.0667
2022-02-28,COST,0.1566,0.5763,0.88,0.94,0.898,2,0.0667
2022-02-28,TSLA,0.2227,0.2116,0.96,0.68,0.876,3,0.0667
2022-02-28,QCOM,0.1974,0.2557,0.9,0.78,0.864,4,0.0667
2022-02-28,AVGO,0.2008,0.2355,0.92,0.72,0.86,5,0.0667
2022-02-28,MAR,0.2508,0.146,0.98,0.58,0.86,6,0.0667
2022-02-28,FTNT,0.09,0.9885,0.78,1.0,0.846,7,0.0667
2022-02-28,AMD,0.1072,0.4277,0.82,0.9,0.844,8,0.0667
2022-02-28,AAPL,0.1142,0.2998,0.84,0.84,0.84,9,0.0667
2022-02-28,ORLY,0.0969,0.4388,0.8,0.92,0.836,10,0.0667
2022-02-28,NVDA,0.0776,0.7632,0.76,0.98,0.826,11,0.0667
2022-02-28,PEP,0.0712,0.2902,0.74,0.82,0.764,12,0.0667
2022-02-28,VRTX,0.1506,0.0934,0.86,0.5,0.752,13,0.0667
2022-02-28,MU,0.2038,-0.06,0.94,0.26,0.736,14,0.0667
2022-02-28,MDLZ,0.07,0.2468,0.72,0.74,0.726,15,0.0667
2022-03-31,NVDA,0.3175,0.9769,0.96,1.0,0.972,1,0.0667
2022-03-31,TSLA,0.3896,0.6284,0.98,0.92,0.962,2,0.0667
2022-03-31,PANW,0.2996,0.8976,0.92,0.98,0.938,3,0.0667
2022-03-31,AVGO,0.3156,0.3609,0.94,0.86,0.916,4,0.0667
2022-03-31,VRTX,0.4387,0.225,1.0,0.72,0.916,4,0.0667
2022-03-31,COST,0.2855,0.634,0.9,0.94,0.912,6,0.0667
2022-03-31,AAPL,0.2374,0.428,0.86,0.88,0.866,7,0.0667
2022-03-31,FTNT,0.1702,0.8335,0.8,0.96,0.848,8,0.0667
2022-03-31,REGN,0.1541,0.4706,0.76,0.9,0.802,9,0.0667
2022-03-31,CSX,0.2663,0.1681,0.88,0.6,0.796,10,0.0667
2022-03-31,MAR,0.1868,0.1853,0.82,0.62,0.76,11,0.0667
2022-03-31,QCOM,0.1943,0.1289,0.84,0.56,0.756,12,0.0667
2022-03-31,ADP,0.1489,0.224,0.74,0.7,0.728,13,0.0667
2022-03-31,ORLY,0.1209,0.3488,0.68,0.84,0.728,13,0.0667
2022-03-31,CTAS,0.1228,0.2328,0.7,0.74,0.712,15,0.0667
2022-04-29,VRTX,0.5012,0.2522,1.0,0.92,0.976,1,0.0667
2022-04-29,PANW,0.1262,0.5883,0.96,1.0,0.972,2,0.0667
2022-04-29,COST,0.0874,0.4385,0.92,0.98,0.938,3,0.0667
2022-04-29,MAR,0.1097,0.1953,0.94,0.8,0.898,4,0.0667
2022-04-29,PEP,0.0766,0.2242,0.9,0.84,0.882,5,0.0667
2022-04-29,AVGO,0.0607,0.25,0.84,0.9,0.858,6,0.0667
2022-04-29,REGN,0.0543,0.3694,0.82,0.94,0.856,7,0.0667
2022-04-29,AMGN,0.1448,0.0043,0.98,0.52,0.842,8,0.0667
2022-04-29,MDLZ,0.0695,0.0838,0.88,0.66,0.814,9,0.0667
2022-04-29,AAPL,0.0361,0.2064,0.78,0.82,0.792,10,0.0667
2022-04-29,ADP,-0.0121,0.1888,0.74,0.78,0.752,11,0.0667
2022-04-29,QCOM,0.0532,0.0244,0.8,0.58,0.734,12,0.0667
2022-04-29,TMUS,0.0612,-0.068,0.86,0.42,0.728,13,0.0667
2022-04-29,ORLY,-0.0292,0.0971,0.7,0.68,0.694,14,0.0667
2022-04-29,CTAS,-0.0632,0.1618,0.66,0.76,0.69,15,0.0667
2022-05-31,VRTX,0.4131,0.2813,1.0,0.94,0.982,1,0.0667
2022-05-31,AVGO,0.0416,0.2742,0.9,0.92,0.906,2,0.0667
2022-05-31,MAR,0.1401,0.184,0.94,0.76,0.886,3,0.0667
2022-05-31,AMGN,0.2829,0.1356,0.98,0.64,0.878,4,0.0667
2022-05-31,REGN,0.0158,0.3209,0.82,0.96,0.862,5,0.0667
2022-05-31,PEP,0.0357,0.1679,0.88,0.72,0.832,6,0.0667
2022-05-31,MDLZ,0.0596,0.0258,0.92,0.54,0.806,7,0.0667
2022-05-31,ORLY,-0.0108,0.1851,0.8,0.78,0.794,8,0.0667
2022-05-31,TMUS,0.1754,-0.0594,0.96,0.38,0.786,9,0.0667
2022-05-31,BKNG,0.0282,-0.0364,0.86,0.52,0.758,10,0.0667
2022-05-31,ADP,-0.046,0.1547,0.78,0.7,0.756,11,0.0667
2022-05-31,PANW,-0.0878,0.3953,0.64,1.0,0.748,12,0.0667
2022-05-31,AAPL,-0.0686,0.2045,0.7,0.8,0.73,13,0.0667
2022-05-31,MNST,0.0261,-0.0478,0.84,0.44,0.72,14,0.0667
2022-05-31,GILD,-0.061,0.0366,0.74,0.56,0.686,15,0.0667
2022-06-30,VRTX,0.2618,0.3976,1.0,1.0,1.0,1,0.0667
2022-06-30,PEP,-0.0234,0.1556,0.92,0.92,0.92,2,0.0667
2022-06-30,AMGN,0.0868,0.0312,0.94,0.78,0.892,3,0.0667
2022-06-30,PANW,-0.1236,0.3312,0.82,0.98,0.868,4,0.0667
2022-06-30,ORLY,-0.1079,0.1158,0.84,0.9,0.858,5,0.0667
2022-06-30,MNST,-0.0323,0.0148,0.9,0.74,0.852,6,0.0667
2022-06-30,REGN,-0.0867,0.0583,0.86,0.82,0.848,7,0.0667
2022-06-30,TMUS,0.1437,-0.071,0.96,0.58,0.846,8,0.0667
2022-06-30,MDLZ,-0.0489,0.017,0.88,0.76,0.844,9,0.0667
2022-06-30,COST,-0.1532,0.2194,0.76,0.96,0.82,10,0.0667
2022-06-30,ADP,-0.1448,0.0775,0.78,0.84,0.798,11,0.0667
2022-06-30,GILD,-0.1393,-0.0609,0.8,0.6,0.74,12,0.0667
2022-06-30,PDD,0.1442,-0.5135,0.98,0.1,0.716,13,0.0667
2022-06-30,SNPS,-0.1868,0.1012,0.64,0.88,0.712,14,0.0667
2022-06-30,CTAS,-0.1562,-0.0126,0.72,0.64,0.696,15,0.0667
2022-07-29,CDNS,0.3389,0.2763,0.98,0.92,0.962,1,0.0667
2022-07-29,SNPS,0.2878,0.2871,0.96,0.96,0.96,2,0.0667
2022-07-29,VRTX,0.2287,0.3994,0.92,1.0,0.944,3,0.0667
2022-07-29,ADP,0.2396,0.1764,0.94,0.84,0.91,4,0.0667
2022-07-29,COST,0.1273,0.2811,0.86,0.94,0.884,5,0.0667
2022-07-29,TMUS,0.3492,-0.0109,1.0,0.56,0.868,6,0.0667
2022-07-29,CTAS,0.1323,0.0929,0.88,0.76,0.844,7,0.0667
2022-07-29,MNST,0.1978,0.0533,0.9,0.68,0.834,8,0.0667
2022-07-29,TSLA,0.0752,0.3161,0.76,0.98,0.826,9,0.0667
2022-07-29,ORLY,0.1086,0.1799,0.8,0.86,0.818,10,0.0667
2022-07-29,AMGN,0.1232,0.0545,0.84,0.7,0.798,11,0.0667
2022-07-29,KLAC,0.0665,0.2149,0.74,0.88,0.782,12,0.0667
2022-07-29,ADI,0.123,0.0508,0.82,0.66,0.772,13,0.0667
2022-07-29,FTNT,0.1058,0.0877,0.78,0.74,0.768,14,0.0667
2022-07-29,PEP,0.047,0.1463,0.72,0.82,0.75,15,0.0667
2022-08-31,VRTX,0.2035,0.4068,0.98,1.0,0.986,1,0.0667
2022-08-31,ADP,0.1963,0.1913,0.96,0.96,0.96,2,0.0667
2022-08-31,TMUS,0.1461,0.0506,0.94,0.8,0.898,3,0.0667
2022-08-31,CDNS,0.1036,0.0629,0.92,0.82,0.89,4,0.0667
2022-08-31,SNPS,0.0974,0.0415,0.9,0.78,0.864,5,0.0667
2022-08-31,AMGN,0.0679,0.1008,0.86,0.84,0.854,6,0.0667
2022-08-31,CTAS,0.0735,0.0383,0.88,0.74,0.838,7,0.0667
2022-08-31,PEP,0.0613,0.1317,0.82,0.88,0.838,7,0.0667
2022-08-31,ORLY,0.0314,0.1734,0.78,0.94,0.828,9,0.0667
2022-08-31,COST,-0.0079,0.1537,0.72,0.92,0.78,10,0.0667
2022-08-31,PDD,0.462,-0.2871,1.0,0.26,0.778,11,0.0667
2022-08-31,GILD,0.0627,-0.0876,0.84,0.6,0.768,12,0.0667
2022-08-31,PANW,-0.0434,0.2077,0.64,0.98,0.742,13,0.0667
2022-08-31,MNST,0.0607,-0.0896,0.8,0.58,0.734,14,0.0667
2022-08-31,KLAC,0.0012,0.0246,0.74,0.7,0.728,15,0.0667
2022-09-30,VRTX,0.1095,0.5962,0.98,1.0,0.986,1,0.0667
2022-09-30,ORLY,0.0268,0.151,0.9,0.96,0.918,2,0.0667
2022-09-30,ADP,0.0031,0.1525,0.88,0.98,0.91,3,0.0667
2022-09-30,TMUS,0.0453,0.0502,0.92,0.84,0.896,4,0.0667
2022-09-30,MNST,0.0884,-0.0211,0.96,0.72,0.888,5,0.0667
2022-09-30,CDNS,-0.0063,0.0792,0.86,0.88,0.866,6,0.0667
2022-09-30,PEP,-0.0112,0.115,0.84,0.92,0.864,7,0.0667
2022-09-30,REGN,-0.0137,0.1383,0.82,0.94,0.856,8,0.0667
2022-09-30,GILD,0.0626,-0.0748,0.94,0.64,0.85,9,0.0667
2022-09-30,AMGN,-0.0532,0.0951,0.8,0.9,0.83,10,0.0667
2022-09-30,PDD,0.5602,-0.3098,1.0,0.32,0.796,11,0.0667
2022-09-30,CTAS,-0.0826,0.03,0.76,0.82,0.778,12,0.0667
2022-09-30,SNPS,-0.0833,0.0204,0.74,0.76,0.746,13,0.0667
2022-09-30,MDLZ,-0.1158,-0.0355,0.72,0.7,0.714,14,0.0667
2022-09-30,COST,-0.1771,0.0578,0.6,0.86,0.678,15,0.0667
2022-10-31,ORLY,0.3709,0.3452,0.98,0.96,0.974,1,0.0667
2022-10-31,GILD,0.3321,0.2668,0.96,0.92,0.948,2,0.0667
2022-10-31,VRTX,0.191,0.6871,0.9,1.0,0.93,3,0.0667
2022-10-31,TMUS,0.1991,0.3176,0.92,0.94,0.926,4,0.0667
2022-10-31,AMGN,0.1893,0.3495,0.88,0.98,0.91,5,0.0667
2022-10-31,REGN,0.1484,0.17,0.84,0.9,0.858,6,0.0667
2022-10-31,ADP,0.1121,0.0967,0.82,0.84,0.826,7,0.0667
2022-10-31,MNST,0.1058,0.1026,0.78,0.86,0.804,8,0.0667
2022-10-31,PEP,0.0972,0.1543,0.74,0.88,0.782,9,0.0667
2022-10-31,CTAS,0.098,-0.0029,0.76,0.72,0.748,10,0.0667
2022-10-31,SBUX,0.1635,-0.1654,0.86,0.48,0.746,11,0.0667
2022-10-31,PDD,0.2277,-0.3834,0.94,0.24,0.73,12,0.0667
2022-10-31,NFLX,0.4634,-0.5772,1.0,0.06,0.718,13,0.0667
2022-10-31,HON,0.0468,-0.048,0.72,0.7,0.714,14,0.0667
2022-10-31,MDLZ,-0.0243,0.0359,0.6,0.82,0.666,15,0.0667
2022-11-30,PDD,0.6743,0.2337,1.0,0.9,0.97,1,0.0667
2022-11-30,GILD,0.3885,0.3348,0.96,0.92,0.948,2,0.0667
2022-11-30,ORLY,0.3841,0.3547,0.94,0.94,0.94,3,0.0667
2022-11-30,VRTX,0.1744,0.6925,0.8,1.0,0.86,4,0.0667
2022-11-30,ADP,0.2153,0.1653,0.86,0.8,0.842,5,0.0667
2022-11-30,AMGN,0.1467,0.4855,0.74,0.98,0.812,6,0.0667
2022-11-30,CTAS,0.1879,0.1052,0.84,0.74,0.81,7,0.0667
2022-11-30,MNST,0.1682,0.2277,0.78,0.88,0.81,7,0.0667
2022-11-30,SBUX,0.3552,-0.0457,0.92,0.52,0.8,9,0.0667
2022-11-30,COST,0.1842,0.0064,0.82,0.7,0.784,10,0.0667
2022-11-30,TMUS,0.1256,0.392,0.68,0.96,0.764,11,0.0667
2022-11-30,ISRG,0.2495,-0.1663,0.9,0.44,0.762,12,0.0667
2022-11-30,HON,0.1554,0.108,0.76,0.76,0.76,13,0.0667
2022-11-30,REGN,0.1408,0.1809,0.72,0.84,0.756,14,0.0667
2022-11-30,PEP,0.1295,0.1927,0.7,0.86,0.748,15,0.0667
2022-12-30,GILD,0.4038,0.2237,0.98,0.96,0.974,1,0.0667
2022-12-30,ORLY,0.3269,0.2027,0.96,0.94,0.954,2,0.0667
2022-12-30,PDD,0.2581,0.3717,0.84,1.0,0.888,3,0.0667
2022-12-30,KLAC,0.2815,-0.1057,0.9,0.68,0.834,4,0.0667
2022-12-30,HON,0.2359,0.0561,0.82,0.82,0.82,5,0.0667
2022-12-30,SBUX,0.2659,-0.1263,0.88,0.66,0.814,6,0.0667
2022-12-30,REGN,0.2118,0.1229,0.78,0.88,0.81,7,0.0667
2022-12-30,ISRG,0.2875,-0.2696,0.94,0.44,0.79,8,0.0667
2022-12-30,CTAS,0.2052,0.0382,0.76,0.8,0.772,9,0.0667
2022-12-30,MCHP,0.2617,-0.1799,0.86,0.54,0.764,10,0.0667
2022-12-30,MELI,0.2823,-0.3761,0.92,0.32,0.74,11,0.0667
2022-12-30,NFLX,0.6387,-0.5182,1.0,0.1,0.73,12,0.0667
2022-12-30,ADI,0.1584,-0.0437,0.72,0.74,0.726,13,0.0667
2022-12-30,AVGO,0.1898,-0.1323,0.74,0.64,0.71,14,0.0667
2022-12-30,AMGN,0.0853,0.1963,0.6,0.9,0.69,15,0.0667
2023-01-31,PDD,1.0545,0.8469,1.0,1.0,1.0,1,0.0667
2023-01-31,GILD,0.4362,0.2746,0.94,0.94,0.94,2,0.0667
2023-01-31,REGN,0.3152,0.2137,0.92,0.86,0.902,3,0.0667
2023-01-31,MELI,0.4518,0.1269,0.96,0.74,0.894,4,0.0667
2023-01-31,VRTX,0.1799,0.3295,0.86,0.96,0.89,5,0.0667
2023-01-31,SBUX,0.3001,0.1494,0.9,0.78,0.864,6,0.0667
2023-01-31,ORLY,0.1176,0.2313,0.8,0.9,0.83,7,0.0667
2023-01-31,NFLX,0.5643,-0.0794,0.98,0.44,0.818,8,0.0667
2023-01-31,MCHP,0.1321,0.0925,0.82,0.68,0.778,9,0.0667
2023-01-31,BKNG,0.2766,0.0088,0.88,0.5,0.766,10,0.0667
2023-01-31,ASML,0.1492,0.0372,0.84,0.58,0.762,11,0.0667
2023-01-31,AVGO,0.109,0.0781,0.78,0.64,0.738,12,0.0667
2023-01-31,MAR,0.0963,0.0996,0.74,0.7,0.728,13,0.0667
2023-01-31,HON,0.0967,0.0535,0.76,0.62,0.718,14,0.0667
2023-01-31,MNST,0.0568,0.22,0.64,0.88,0.712,15,0.0667
2023-02-28,PDD,0.5239,0.6985,1.0,1.0,1.0,1,0.0667
2023-02-28,GILD,0.3166,0.3777,0.9,0.98,0.924,2,0.0667
2023-02-28,REGN,0.2755,0.2291,0.88,0.9,0.886,3,0.0667
2023-02-28,MELI,0.3898,0.0977,0.94,0.72,0.874,4,0.0667
2023-02-28,BKNG,0.3208,0.1063,0.92,0.74,0.866,5,0.0667
2023-02-28,MCHP,0.2392,0.1424,0.86,0.8,0.842,6,0.0667
2023-02-28,ORLY,0.1879,0.2679,0.78,0.96,0.834,7,0.0667
2023-02-28,NVDA,0.4286,-0.0381,0.96,0.5,0.822,8,0.0667
2023-02-28,SBUX,0.2276,0.1289,0.84,0.76,0.816,9,0.0667
2023-02-28,ADI,0.1725,0.1529,0.74,0.82,0.764,10,0.0667
2023-02-28,NFLX,0.4427,-0.1757,0.98,0.24,0.758,11,0.0667
2023-02-28,MNST,0.1414,0.2033,0.7,0.88,0.754,12,0.0667
2023-02-28,CDNS,0.085,0.2616,0.64,0.94,0.73,13,0.0667
2023-02-28,ASML,0.2177,-0.0606,0.82,0.46,0.712,14,0.0667
2023-02-28,FTNT,0.1991,-0.0855,0.8,0.44,0.692,15,0.0667
2023-03-31,BKNG,0.5798,0.1394,0.94,0.8,0.898,1,0.0667
2023-03-31,MELI,0.5886,0.0894,0.96,0.7,0.882,2,0.0667
2023-03-31,NVDA,1.274,0.0041,1.0,0.56,0.868,3,0.0667
2023-03-31,ASML,0.5995,0.0088,0.98,0.58,0.86,4,0.0667
2023-03-31,ADI,0.4016,0.2068,0.8,0.88,0.824,5,0.0667
2023-03-31,AVGO,0.4475,0.0497,0.86,0.64,0.794,6,0.0667
2023-03-31,GILD,0.3391,0.4495,0.7,0.98,0.784,7,0.0667
2023-03-31,MCHP,0.3633,0.1156,0.76,0.74,0.754,8,0.0667
2023-03-31,META,0.5537,-0.0698,0.92,0.34,0.746,9,0.0667
2023-03-31,CDNS,0.2757,0.2864,0.64,0.94,0.73,10,0.0667
2023-03-31,LRCX,0.4412,-0.0194,0.82,0.5,0.724,11,0.0667
2023-03-31,AMAT,0.4619,-0.0866,0.88,0.3,0.706,12,0.0667
2023-03-31,PDD,0.249,0.7345,0.56,1.0,0.692,13,0.0667
2023-03-31,AMD,0.5281,-0.1779,0.9,0.18,0.684,14,0.0667
2023-03-31,NFLX,0.4412,-0.0943,0.84,0.28,0.672,15,0.0667
2023-04-28,NVDA,1.1527,0.5083,1.0,0.94,0.982,1,0.0667
2023-04-28,META,0.8512,0.3736,0.98,0.9,0.956,2,0.0667
2023-04-28,MELI,0.5329,0.2466,0.96,0.76,0.9,3,0.0667
2023-04-28,CDNS,0.4052,0.3653,0.9,0.88,0.894,4,0.0667
2023-04-28,SBUX,0.345,0.5654,0.84,0.96,0.876,5,0.0667
2023-04-28,BKNG,0.4509,0.1892,0.92,0.66,0.842,6,0.0667
2023-04-28,AVGO,0.3797,0.1562,0.88,0.6,0.796,7,0.0667
2023-04-28,LRCX,0.3691,0.1642,0.86,0.64,0.794,8,0.0667
2023-04-28,PDD,0.2837,0.8212,0.7,1.0,0.79,9,0.0667
2023-04-28,AMD,0.4962,0.0525,0.94,0.4,0.778,10,0.0667
2023-04-28,MDLZ,0.2953,0.2264,0.76,0.72,0.748,11,0.0667
2023-04-28,ASML,0.3224,0.1602,0.78,0.62,0.732,12,0.0667
2023-04-28,MSFT,0.3354,0.0955,0.82,0.5,0.724,13,0.0667
2023-04-28,SNPS,0.2685,0.2937,0.66,0.86,0.72,14,0.0667
2023-04-28,ADI,0.2839,0.2078,0.72,0.7,0.714,15,0.0667
2023-05-31,NVDA,1.3915,1.0131,0.98,0.98,0.98,1,0.0667
2023-05-31,META,1.4335,0.3566,1.0,0.86,0.958,2,0.0667
2023-05-31,NFLX,0.4057,1.0248,0.92,1.0,0.944,3,0.0667
2023-05-31,AVGO,0.5713,0.4304,0.94,0.92,0.934,4,0.0667
2023-05-31,CDNS,0.3999,0.4779,0.88,0.94,0.898,5,0.0667
2023-05-31,SNPS,0.3824,0.4087,0.86,0.9,0.872,6,0.0667
2023-05-31,MELI,0.3448,0.5269,0.82,0.96,0.862,7,0.0667
2023-05-31,AMD,0.6151,0.156,0.96,0.56,0.84,8,0.0667
2023-05-31,LRCX,0.4016,0.1784,0.9,0.58,0.804,9,0.0667
2023-05-31,MSFT,0.3647,0.2135,0.84,0.7,0.798,10,0.0667
2023-05-31,FTNT,0.312,0.147,0.8,0.54,0.722,11,0.0667
2023-05-31,AMAT,0.2946,0.1268,0.78,0.52,0.702,12,0.0667
2023-05-31,ASML,0.2456,0.2523,0.68,0.74,0.698,13,0.0667
2023-05-31,PANW,0.2451,0.2632,0.66,0.76,0.69,14,0.0667
2023-05-31,ISRG,0.1721,0.3433,0.58,0.82,0.652,15,0.0667
2023-06-30,NVDA,2.0146,1.724,1.0,1.0,1.0,1,0.0667
2023-06-30,META,1.4821,0.7505,0.98,0.92,0.962,2,0.0667
2023-06-30,AVGO,0.6119,0.8211,0.9,0.96,0.918,3,0.0667
2023-06-30,PANW,0.8606,0.5586,0.94,0.84,0.91,4,0.0667
2023-06-30,NFLX,0.5909,1.4697,0.84,0.98,0.882,5,0.0667
2023-06-30,AMD,0.8205,0.4606,0.92,0.7,0.854,6,0.0667
2023-06-30,LRCX,0.6062,0.5265,0.88,0.78,0.85,7,0.0667
2023-06-30,AMAT,0.5415,0.5878,0.78,0.88,0.81,8,0.0667
2023-06-30,MELI,0.411,0.7945,0.7,0.94,0.772,9,0.0667
2023-06-30,CDNS,0.4811,0.5539,0.74,0.82,0.764,10,0.0667
2023-06-30,AAPL,0.5434,0.4015,0.8,0.66,0.758,11,0.0667
2023-06-30,TSLA,1.3225,0.1457,0.96,0.24,0.744,12,0.0667
2023-06-30,FTNT,0.5794,0.3222,0.82,0.54,0.736,13,0.0667
2023-06-30,ADBE,0.4893,0.327,0.76,0.58,0.706,14,0.0667
2023-06-30,AMZN,0.5933,0.1968,0.86,0.34,0.704,15,0.0667
2023-07-31,NVDA,1.2952,1.6005,1.0,1.0,1.0,1,0.0667
2023-07-31,META,1.0996,0.9823,0.98,0.98,0.98,2,0.0667
2023-07-31,AVGO,0.5397,0.7339,0.94,0.92,0.934,3,0.0667
2023-07-31,PANW,0.5644,0.5235,0.96,0.86,0.93,4,0.0667
2023-07-31,LRCX,0.4974,0.5024,0.88,0.84,0.868,5,0.0667
2023-07-31,ADBE,0.4733,0.3536,0.84,0.74,0.81,6,0.0667
2023-07-31,AMD,0.5172,0.248,0.92,0.54,0.806,7,0.0667
2023-07-31,FTNT,0.4748,0.3084,0.86,0.68,0.806,7,0.0667
2023-07-31,AMAT,0.3541,0.4559,0.8,0.82,0.806,9,0.0667
2023-07-31,ISRG,0.312,0.4071,0.74,0.76,0.746,10,0.0667
2023-07-31,KLAC,0.2954,0.408,0.7,0.78,0.724,11,0.0667
2023-07-31,MSFT,0.36,0.227,0.82,0.5,0.724,11,0.0667
2023-07-31,AAPL,0.3501,0.2559,0.78,0.58,0.72,13,0.0667
2023-07-31,NFLX,0.2168,0.9422,0.6,0.96,0.708,14,0.0667
2023-07-31,MCHP,0.2204,0.4194,0.62,0.8,0.674,15,0.0667
2023-08-31,NVDA,1.1175,2.1934,1.0,1.0,1.0,1,0.0667
2023-08-31,META,0.6954,0.8827,0.98,0.96,0.974,2,0.0667
2023-08-31,AVGO,0.561,0.8764,0.94,0.94,0.94,3,0.0667
2023-08-31,ADBE,0.6772,0.4913,0.96,0.82,0.918,4,0.0667
2023-08-31,NFLX,0.3905,0.9655,0.86,0.98,0.896,5,0.0667
2023-08-31,LRCX,0.4427,0.609,0.88,0.88,0.88,6,0.0667
2023-08-31,ISRG,0.366,0.5142,0.84,0.84,0.84,7,0.0667
2023-08-31,GOOGL,0.4801,0.25,0.9,0.46,0.768,8,0.0667
2023-08-31,KLAC,0.3347,0.4643,0.76,0.78,0.766,9,0.0667
2023-08-31,AMAT,0.2958,0.6316,0.7,0.9,0.76,10,0.0667
2023-08-31,INTU,0.358,0.26,0.82,0.52,0.73,11,0.0667
2023-08-31,AMZN,0.498,0.0721,0.92,0.22,0.71,12,0.0667
2023-08-31,CMCSA,0.2842,0.3506,0.66,0.7,0.672,13,0.0667
2023-08-31,BKNG,0.2045,0.6514,0.56,0.92,0.668,14,0.0667
2023-08-31,MSFT,0.3109,0.2584,0.72,0.5,0.654,15,0.0667
2023-09-29,NVDA,0.5888,2.4175,1.0,1.0,1.0,1,0.0667
2023-09-29,META,0.4444,1.12,0.98,0.98,0.98,2,0.0667
2023-09-29,ADBE,0.3352,0.812,0.96,0.94,0.954,3,0.0667
2023-09-29,AVGO,0.3247,0.8299,0.94,0.96,0.946,4,0.0667
2023-09-29,PDD,0.283,0.5572,0.9,0.86,0.888,5,0.0667
2023-09-29,SNPS,0.2209,0.4656,0.84,0.74,0.81,6,0.0667
2023-09-29,GOOGL,0.2971,0.3079,0.92,0.54,0.806,7,0.0667
2023-09-29,LRCX,0.1864,0.6639,0.76,0.9,0.802,8,0.0667
2023-09-29,BKNG,0.1817,0.7859,0.74,0.92,0.794,9,0.0667
2023-09-29,CMCSA,0.2112,0.4682,0.8,0.76,0.788,10,0.0667
2023-09-29,MAR,0.2151,0.3811,0.82,0.66,0.772,11,0.0667
2023-09-29,PANW,0.2111,0.4055,0.78,0.7,0.756,12,0.0667
2023-09-29,KLAC,0.1652,0.4715,0.72,0.78,0.738,13,0.0667
2023-09-29,ISRG,0.1631,0.5192,0.68,0.82,0.722,14,0.0667
2023-09-29,AMAT,0.1392,0.6253,0.64,0.88,0.712,15,0.0667
2023-10-31,PDD,0.58,0.9154,1.0,0.96,0.988,1,0.0667
2023-10-31,NVDA,0.4459,1.9496,0.98,0.98,0.98,2,0.0667
2023-10-31,ADBE,0.4432,0.6337,0.96,0.92,0.948,3,0.0667
2023-10-31,AVGO,0.3889,0.8264,0.94,0.94,0.94,4,0.0667
2023-10-31,META,0.2593,2.037,0.84,1.0,0.888,5,0.0667
2023-10-31,PANW,0.3738,0.4205,0.92,0.74,0.866,6,0.0667
2023-10-31,SNPS,0.2728,0.5868,0.86,0.88,0.866,6,0.0667
2023-10-31,NFLX,0.2965,0.3922,0.9,0.7,0.84,8,0.0667
2023-10-31,AMZN,0.2843,0.287,0.88,0.62,0.802,9,0.0667
2023-10-31,KLAC,0.2487,0.4797,0.8,0.8,0.8,10,0.0667
2023-10-31,AMAT,0.1856,0.4892,0.76,0.82,0.778,11,0.0667
2023-10-31,CDNS,0.1478,0.5834,0.72,0.86,0.762,12,0.0667
2023-10-31,INTC,0.2355,0.298,0.78,0.66,0.744,13,0.0667
2023-10-31,GOOGL,0.1781,0.2886,0.74,0.64,0.71,14,0.0667
2023-10-31,LRCX,0.1336,0.4694,0.66,0.78,0.696,15,0.0667
2023-11-30,PDD,1.134,0.8799,1.0,0.96,0.988,1,0.0667
2023-11-30,ADBE,0.4318,0.8698,0.96,0.94,0.954,2,0.0667
2023-11-30,PANW,0.3612,0.7306,0.94,0.88,0.922,3,0.0667
2023-11-30,INTC,0.4458,0.5828,0.98,0.74,0.908,4,0.0667
2023-11-30,MELI,0.2881,0.8223,0.9,0.9,0.9,5,0.0667
2023-11-30,META,0.2001,1.9888,0.82,0.98,0.868,6,0.0667
2023-11-30,INTU,0.3585,0.516,0.92,0.68,0.848,7,0.0667
2023-11-30,BKNG,0.2258,0.5496,0.86,0.7,0.812,8,0.0667
2023-11-30,SNPS,0.1951,0.6784,0.8,0.84,0.812,8,0.0667
2023-11-30,NVDA,0.1762,1.9924,0.72,1.0,0.804,10,0.0667
2023-11-30,AVGO,0.1845,0.8227,0.74,0.92,0.794,11,0.0667
2023-11-30,KLAC,0.2101,0.4726,0.84,0.66,0.786,12,0.0667
2023-11-30,AMZN,0.1899,0.5807,0.76,0.72,0.748,13,0.0667
2023-11-30,CDNS,0.1759,0.6712,0.7,0.82,0.736,14,0.0667
2023-11-30,NFLX,0.1757,0.687,0.68,0.86,0.734,15,0.0667
2023-12-29,INTC,0.5131,1.0134,0.98,0.88,0.95,1,0.0667
2023-12-29,PDD,1.1161,0.797,1.0,0.76,0.928,2,0.0667
2023-12-29,MELI,0.3266,0.8718,0.92,0.84,0.896,3,0.0667
2023-12-29,AMD,0.2941,1.3559,0.84,0.96,0.876,4,0.0667
2023-12-29,MU,0.3589,0.7534,0.94,0.72,0.874,5,0.0667
2023-12-29,AVGO,0.2998,1.0952,0.86,0.9,0.872,6,0.0667
2023-12-29,INTU,0.3689,0.6722,0.96,0.66,0.87,7,0.0667
2023-12-29,BKNG,0.3136,0.8109,0.88,0.78,0.85,8,0.0667
2023-12-29,META,0.2334,2.0614,0.78,0.98,0.84,9,0.0667
2023-12-29,LRCX,0.2254,0.9682,0.74,0.86,0.776,10,0.0667
2023-12-29,ADBE,0.2201,0.8171,0.7,0.8,0.73,11,0.0667
2023-12-29,COST,0.2586,0.5016,0.82,0.52,0.73,11,0.0667
2023-12-29,MAR,0.2339,0.5652,0.8,0.56,0.728,13,0.0667
2023-12-29,NVDA,0.1709,2.5298,0.6,1.0,0.72,14,0.0667
2023-12-29,AMGN,0.3181,0.1399,0.9,0.24,0.702,15,0.0667
