date,ticker,momentum_6m,weight
2016-07-29,ADSK,0.2698,0.0667
2016-07-29,AMAT,0.5041,0.0667
2016-07-29,AMD,2.1182,0.0667
2016-07-29,AMZN,0.2927,0.0667
2016-07-29,BKNG,0.2684,0.0667
2016-07-29,CSCO,0.3068,0.0667
2016-07-29,CTAS,0.2485,0.0667
2016-07-29,ISRG,0.2864,0.0667
2016-07-29,LRCX,0.2601,0.0667
2016-07-29,MCHP,0.2616,0.0667
2016-07-29,MELI,0.5621,0.0667
2016-07-29,NVDA,0.9617,0.0667
2016-07-29,QCOM,0.4066,0.0667
2016-07-29,SNPS,0.2625,0.0667
2016-07-29,TXN,0.3333,0.0667
2016-08-31,ADSK,0.2302,0.0667
2016-08-31,AMAT,0.5462,0.0667
2016-08-31,AMD,2.0081,0.0667
2016-08-31,AMZN,0.3319,0.0667
2016-08-31,AVGO,0.293,0.0667
2016-08-31,CTAS,0.3551,0.0667
2016-08-31,FTNT,0.2562,0.0667
2016-08-31,LRCX,0.256,0.0667
2016-08-31,MCHP,0.3605,0.0667
2016-08-31,MELI,0.6186,0.0667
2016-08-31,MU,0.3986,0.0667
2016-08-31,NVDA,0.8871,0.0667
2016-08-31,QCOM,0.226,0.0667
2016-08-31,SNPS,0.2926,0.0667
2016-08-31,TXN,0.2823,0.0667
2016-09-30,ADSK,0.243,0.0667
2016-09-30,AMAT,0.4354,0.0667
2016-09-30,AMD,1.4417,0.0667
2016-09-30,AMZN,0.4115,0.0667
2016-09-30,CSX,0.2286,0.0667
2016-09-30,CTAS,0.2664,0.0667
2016-09-30,FTNT,0.1913,0.0667
2016-09-30,INTC,0.1989,0.0667
2016-09-30,MCHP,0.3017,0.0667
2016-09-30,MELI,0.5626,0.0667
2016-09-30,MU,0.6463,0.0667
2016-09-30,NVDA,0.9225,0.0667
2016-09-30,QCOM,0.377,0.0667
2016-09-30,SNPS,0.213,0.0667
2016-09-30,TXN,0.2302,0.0667
2016-10-31,AAPL,0.2067,0.0667
2016-10-31,ADSK,0.1979,0.0667
2016-10-31,AMAT,0.4581,0.0667
2016-10-31,AMD,1.0083,0.0667
2016-10-31,LRCX,0.2879,0.0667
2016-10-31,MCHP,0.2575,0.0667
2016-10-31,MELI,0.3431,0.0667
2016-10-31,MSFT,0.2197,0.0667
2016-10-31,MU,0.6564,0.0667
2016-10-31,NFLX,0.3641,0.0667
2016-10-31,NVDA,1.0095,0.0667
2016-10-31,QCOM,0.3792,0.0667
2016-10-31,SNPS,0.2277,0.0667
2016-10-31,TMUS,0.2539,0.0667
2016-10-31,TXN,0.2453,0.0667
2016-11-30,ADI,0.2896,0.0667
2016-11-30,ADSK,0.2357,0.0667
2016-11-30,AMAT,0.322,0.0667
2016-11-30,AMD,1.1014,0.0667
2016-11-30,BKNG,0.1656,0.0667
2016-11-30,CSX,0.3711,0.0667
2016-11-30,CTAS,0.2159,0.0667
2016-11-30,LRCX,0.2765,0.0667
2016-11-30,MCHP,0.2943,0.0667
2016-11-30,MSFT,0.1632,0.0667
2016-11-30,MU,0.4897,0.0667
2016-11-30,NVDA,0.9624,0.0667
2016-11-30,QCOM,0.2618,0.0667
2016-11-30,TMUS,0.2552,0.0667
2016-11-30,TXN,0.2322,0.0667
2016-12-30,AAPL,0.2206,0.0667
2016-12-30,ADI,0.2982,0.0667
2016-12-30,ADSK,0.362,0.0667
2016-12-30,AMAT,0.3598,0.0667
2016-12-30,AMD,1.2367,0.0667
2016-12-30,CSX,0.3868,0.0667
2016-12-30,LRCX,0.2839,0.0667
2016-12-30,MAR,0.2297,0.0667
2016-12-30,MCHP,0.2869,0.0667
2016-12-30,MSFT,0.2304,0.0667
2016-12-30,MU,0.7536,0.0667
2016-12-30,NFLX,0.2806,0.0667
2016-12-30,NVDA,1.2953,0.0667
2016-12-30,QCOM,0.2503,0.0667
2016-12-30,TMUS,0.3378,0.0667
2017-01-31,ADI,0.1857,0.0667
2017-01-31,ADSK,0.3616,0.0667
2017-01-31,AMAT,0.3124,0.0667
2017-01-31,AMD,0.5617,0.0667
2017-01-31,AVGO,0.2308,0.0667
2017-01-31,BKNG,0.1615,0.0667
2017-01-31,CSX,0.6724,0.0667
2017-01-31,LRCX,0.2748,0.0667
2017-01-31,MAR,0.1981,0.0667
2017-01-31,MCHP,0.2207,0.0667
2017-01-31,MELI,0.2142,0.0667
2017-01-31,MU,0.778,0.0667
2017-01-31,NFLX,0.491,0.0667
2017-01-31,NVDA,0.931,0.0667
2017-01-31,TMUS,0.3229,0.0667
2017-02-28,AAPL,0.2932,0.0667
2017-02-28,ADI,0.3158,0.0667
2017-02-28,ADSK,0.2531,0.0667
2017-02-28,AMAT,0.2159,0.0667
2017-02-28,AMD,0.8853,0.0667
2017-02-28,BKNG,0.2144,0.0667
2017-02-28,CSX,0.7492,0.0667
2017-02-28,KLAC,0.3528,0.0667
2017-02-28,LRCX,0.2733,0.0667
2017-02-28,MAR,0.2089,0.0667
2017-02-28,MELI,0.2653,0.0667
2017-02-28,MU,0.4197,0.0667
2017-02-28,NFLX,0.4565,0.0667
2017-02-28,NVDA,0.6405,0.0667
2017-02-28,TMUS,0.3605,0.0667
2017-03-31,AAPL,0.2928,0.0667
2017-03-31,ADI,0.3,0.0667
2017-03-31,AMAT,0.323,0.0667
2017-03-31,AMD,1.1814,0.0667
2017-03-31,AVGO,0.2827,0.0667
2017-03-31,CSX,0.566,0.0667
2017-03-31,KLAC,0.4011,0.0667
2017-03-31,LRCX,0.3881,0.0667
2017-03-31,MAR,0.4139,0.0667
2017-03-31,MU,0.6477,0.0667
2017-03-31,NFLX,0.529,0.0667
2017-03-31,NVDA,0.6206,0.0667
2017-03-31,TMUS,0.3902,0.0667
2017-03-31,TSLA,0.3866,0.0667
2017-03-31,VRTX,0.2865,0.0667
2017-04-28,AMAT,0.4162,0.0667
2017-04-28,AMD,0.8244,0.0667
2017-04-28,ASML,0.2822,0.0667
2017-04-28,AVGO,0.2895,0.0667
2017-04-28,CSX,0.6884,0.0667
2017-04-28,FTNT,0.2922,0.0667
2017-04-28,KLAC,0.3222,0.0667
2017-04-28,LRCX,0.4921,0.0667
2017-04-28,MAR,0.4262,0.0667
2017-04-28,MELI,0.3436,0.0667
2017-04-28,MU,0.5686,0.0667
2017-04-28,NVDA,0.4494,0.0667
2017-04-28,TMUS,0.359,0.0667
2017-04-28,TSLA,0.553,0.0667
2017-04-28,VRTX,0.503,0.0667
2017-05-31,AAPL,0.3808,0.0667
2017-05-31,ADBE,0.3575,0.0667
2017-05-31,ADSK,0.4867,0.0667
2017-05-31,AMAT,0.4483,0.0667
2017-05-31,AVGO,0.3853,0.0667
2017-05-31,CSX,0.5742,0.0667
2017-05-31,ISRG,0.4122,0.0667
2017-05-31,LRCX,0.4652,0.0667
2017-05-31,MAR,0.388,0.0667
2017-05-31,MELI,0.7025,0.0667
2017-05-31,MU,0.5393,0.0667
2017-05-31,NFLX,0.3946,0.0667
2017-05-31,NVDA,0.5374,0.0667
2017-05-31,TSLA,0.7388,0.0667
2017-05-31,VRTX,0.4223,0.0667
2017-06-30,ADBE,0.3642,0.0667
2017-06-30,ADSK,0.3446,0.0667
2017-06-30,AVGO,0.3071,0.0667
2017-06-30,CDNS,0.3123,0.0667
2017-06-30,CSX,0.5173,0.0667
2017-06-30,ISRG,0.4694,0.0667
2017-06-30,LRCX,0.3287,0.0667
2017-06-30,MELI,0.5848,0.0667
2017-06-30,META,0.2976,0.0667
2017-06-30,MU,0.3408,0.0667
2017-06-30,NVDA,0.3003,0.0667
2017-06-30,PYPL,0.3431,0.0667
2017-06-30,REGN,0.3142,0.0667
2017-06-30,TSLA,0.6844,0.0667
2017-06-30,VRTX,0.7312,0.0667
2017-07-31,ADBE,0.287,0.0667
2017-07-31,ADSK,0.3651,0.0667
2017-07-31,AMAT,0.2969,0.0667
2017-07-31,AMD,0.2828,0.0667
2017-07-31,CDNS,0.4127,0.0667
2017-07-31,ISRG,0.3595,0.0667
2017-07-31,LRCX,0.3838,0.0667
2017-07-31,MELI,0.56,0.0667
2017-07-31,META,0.2922,0.0667
2017-07-31,NFLX,0.2864,0.0667
2017-07-31,NVDA,0.4805,0.0667
2017-07-31,PYPL,0.4689,0.0667
2017-07-31,REGN,0.4271,0.0667
2017-07-31,TSLA,0.2906,0.0667
2017-07-31,VRTX,0.7992,0.0667
2017-08-31,ADBE,0.2926,0.0667
2017-08-31,ADSK,0.3415,0.0667
2017-08-31,AMAT,0.2293,0.0667
2017-08-31,ASML,0.2836,0.0667
2017-08-31,CDNS,0.2633,0.0667
2017-08-31,ISRG,0.3489,0.0667
2017-08-31,LRCX,0.4086,0.0667
2017-08-31,META,0.2537,0.0667
2017-08-31,MU,0.2503,0.0667
2017-08-31,NFLX,0.2556,0.0667
2017-08-31,NVDA,0.7248,0.0667
2017-08-31,PYPL,0.4334,0.0667
2017-08-31,REGN,0.3123,0.0667
2017-08-31,TSLA,0.4147,0.0667
2017-08-31,VRTX,0.78,0.0667
2017-09-29,ADSK,0.2983,0.0667
2017-09-29,AMAT,0.3452,0.0667
2017-09-29,ASML,0.302,0.0667
2017-09-29,CDNS,0.257,0.0667
2017-09-29,INTU,0.2322,0.0667
2017-09-29,ISRG,0.3645,0.0667
2017-09-29,LRCX,0.4495,0.0667
2017-09-29,MCHP,0.2277,0.0667
2017-09-29,MELI,0.2258,0.0667
2017-09-29,MU,0.3609,0.0667
2017-09-29,NFLX,0.2269,0.0667
2017-09-29,NVDA,0.6443,0.0667
2017-09-29,PANW,0.2788,0.0667
2017-09-29,PYPL,0.4884,0.0667
2017-09-29,VRTX,0.3904,0.0667
2017-10-31,ADBE,0.2989,0.0667
2017-10-31,ADSK,0.3386,0.0667
2017-10-31,AMAT,0.3643,0.0667
2017-10-31,ASML,0.3472,0.0667
2017-10-31,CDNS,0.3175,0.0667
2017-10-31,ISRG,0.3321,0.0667
2017-10-31,LRCX,0.3974,0.0667
2017-10-31,MAR,0.2399,0.0667
2017-10-31,MCHP,0.271,0.0667
2017-10-31,MNST,0.2893,0.0667
2017-10-31,MU,0.5825,0.0667
2017-10-31,NFLX,0.2625,0.0667
2017-10-31,NVDA,0.9876,0.0667
2017-10-31,PANW,0.301,0.0667
2017-10-31,PYPL,0.4802,0.0667
2017-11-30,ADBE,0.2648,0.0667
2017-11-30,ASML,0.303,0.0667
2017-11-30,CDNS,0.245,0.0667
2017-11-30,CSCO,0.1874,0.0667
2017-11-30,CTAS,0.2408,0.0667
2017-11-30,INTC,0.2512,0.0667
2017-11-30,ISRG,0.297,0.0667
2017-11-30,LRCX,0.2183,0.0667
2017-11-30,MNST,0.2224,0.0667
2017-11-30,MSFT,0.1851,0.0667
2017-11-30,MU,0.3582,0.0667
2017-11-30,NVDA,0.3995,0.0667
2017-11-30,PYPL,0.415,0.0667
2017-11-30,SNPS,0.192,0.0667
2017-11-30,TXN,0.2068,0.0667
2017-12-29,ASML,0.3339,0.0667
2017-12-29,CDNS,0.2487,0.0667
2017-12-29,CSCO,0.2457,0.0667
2017-12-29,CTAS,0.2499,0.0667
2017-12-29,INTC,0.3865,0.0667
2017-12-29,LRCX,0.3086,0.0667
2017-12-29,MAR,0.3612,0.0667
2017-12-29,MELI,0.2555,0.0667
2017-12-29,MNST,0.274,0.0667
2017-12-29,MSFT,0.2538,0.0667
2017-12-29,MU,0.3771,0.0667
2017-12-29,NFLX,0.2848,0.0667
2017-12-29,NVDA,0.3407,0.0667
2017-12-29,PYPL,0.3717,0.0667
2017-12-29,TXN,0.3746,0.0667
2018-01-31,ADBE,0.3556,0.0667
2018-01-31,AMZN,0.4564,0.0667
2018-01-31,ASML,0.3448,0.0667
2018-01-31,CSCO,0.3337,0.0667
2018-01-31,INTC,0.3422,0.0667
2018-01-31,ISRG,0.3763,0.0667
2018-01-31,MAR,0.4099,0.0667
2018-01-31,MELI,0.3414,0.0667
2018-01-31,MSFT,0.3226,0.0667
2018-01-31,MU,0.5427,0.0667
2018-01-31,NFLX,0.4849,0.0667
2018-01-31,NVDA,0.4967,0.0667
2018-01-31,PYPL,0.4378,0.0667
2018-01-31,QCOM,0.3029,0.0667
2018-01-31,TXN,0.3583,0.0667
2018-02-28,ADBE,0.3778,0.0667
2018-02-28,AMAT,0.3246,0.0667
2018-02-28,AMZN,0.5988,0.0667
2018-02-28,CSCO,0.4427,0.0667
2018-02-28,FTNT,0.3545,0.0667
2018-02-28,INTC,0.4406,0.0667
2018-02-28,MAR,0.4091,0.0667
2018-02-28,MELI,0.6013,0.0667
2018-02-28,MSFT,0.3001,0.0667
2018-02-28,MU,0.5705,0.0667
2018-02-28,NFLX,0.7435,0.0667
2018-02-28,NVDA,0.4689,0.0667
2018-02-28,PANW,0.341,0.0667
2018-02-28,PYPL,0.3119,0.0667
2018-02-28,TXN,0.3577,0.0667
2018-03-29,ADBE,0.4757,0.0667
2018-03-29,AMZN,0.5221,0.0667
2018-03-29,CSCO,0.3018,0.0667
2018-03-29,FTNT,0.4212,0.0667
2018-03-29,INTC,0.405,0.0667
2018-03-29,INTU,0.207,0.0667
2018-03-29,ISRG,0.2094,0.0667
2018-03-29,MAR,0.2611,0.0667
2018-03-29,MELI,0.3342,0.0667
2018-03-29,MSFT,0.2479,0.0667
2018-03-29,MU,0.4058,0.0667
2018-03-29,NFLX,0.6231,0.0667
2018-03-29,NVDA,0.3196,0.0667
2018-03-29,PANW,0.2973,0.0667
2018-03-29,PYPL,0.198,0.0667
2018-04-30,ADBE,0.2754,0.0667
2018-04-30,AMZN,0.6105,0.0667
2018-04-30,COST,0.2204,0.0667
2018-04-30,CSCO,0.3125,0.0667
2018-04-30,FTNT,0.3805,0.0667
2018-04-30,INTC,0.2643,0.0667
2018-04-30,INTU,0.2269,0.0667
2018-04-30,ISRG,0.1837,0.0667
2018-04-30,MAR,0.1561,0.0667
2018-04-30,MELI,0.4837,0.0667
2018-04-30,MSFT,0.199,0.0667
2018-04-30,NFLX,0.6006,0.0667
2018-04-30,NVDA,0.1508,0.0667
2018-04-30,ORLY,0.1966,0.0667
2018-04-30,PANW,0.2938,0.0667
2018-05-31,ADBE,0.3446,0.0667
2018-05-31,ADP,0.1819,0.0667
2018-05-31,AMD,0.2292,0.0667
2018-05-31,AMZN,0.3653,0.0667
2018-05-31,BKNG,0.2037,0.0667
2018-05-31,CSX,0.2542,0.0667
2018-05-31,CTAS,0.1988,0.0667
2018-05-31,FTNT,0.4511,0.0667
2018-05-31,INTC,0.2496,0.0667
2018-05-31,INTU,0.3002,0.0667
2018-05-31,MU,0.2015,0.0667
2018-05-31,NFLX,0.7652,0.0667
2018-05-31,NVDA,0.1983,0.0667
2018-05-31,ORLY,0.1792,0.0667
2018-05-31,PANW,0.3956,0.0667
2018-06-29,ADBE,0.3888,0.0667
2018-06-29,ADP,0.1556,0.0667
2018-06-29,ADSK,0.2476,0.0667
2018-06-29,AMD,0.4209,0.0667
2018-06-29,AMZN,0.4331,0.0667
2018-06-29,CSX,0.1683,0.0667
2018-06-29,CTAS,0.1816,0.0667
2018-06-29,FTNT,0.4185,0.0667
2018-06-29,INTU,0.2944,0.0667
2018-06-29,ISRG,0.2972,0.0667
2018-06-29,MSFT,0.1608,0.0667
2018-06-29,MU,0.2542,0.0667
2018-06-29,NFLX,1.0312,0.0667
2018-06-29,NVDA,0.2016,0.0667
2018-06-29,PANW,0.399,0.0667
2018-07-31,AAPL,0.1487,0.0667
2018-07-31,ADBE,0.2427,0.0667
2018-07-31,ADP,0.1292,0.0667
2018-07-31,AMD,0.4242,0.0667
2018-07-31,AMZN,0.2362,0.0667
2018-07-31,CSX,0.2523,0.0667
2018-07-31,CTAS,0.2331,0.0667
2018-07-31,FTNT,0.3754,0.0667
2018-07-31,INTU,0.2172,0.0667
2018-07-31,ISRG,0.1878,0.0667
2018-07-31,MSFT,0.1542,0.0667
2018-07-31,MU,0.2669,0.0667
2018-07-31,NFLX,0.2104,0.0667
2018-07-31,ORLY,0.1406,0.0667
2018-07-31,PANW,0.2838,0.0667
2018-08-31,AAPL,0.2969,0.0667
2018-08-31,ADBE,0.2479,0.0667
2018-08-31,ADP,0.2823,0.0667
2018-08-31,ADSK,0.2985,0.0667
2018-08-31,AMD,1.1134,0.0667
2018-08-31,AMZN,0.321,0.0667
2018-08-31,COST,0.2241,0.0667
2018-08-31,CSX,0.3238,0.0667
2018-08-31,CTAS,0.2448,0.0667
2018-08-31,FTNT,0.6537,0.0667
2018-08-31,INTU,0.2951,0.0667
2018-08-31,ISRG,0.32,0.0667
2018-08-31,ORLY,0.3588,0.0667
2018-08-31,PANW,0.2822,0.0667
2018-08-31,REGN,0.2181,0.0667
2018-09-28,AAPL,0.3643,0.0667
2018-09-28,ADP,0.3428,0.0667
2018-09-28,ADSK,0.2718,0.0667
2018-09-28,AMD,2.2413,0.0667
2018-09-28,AMZN,0.4599,0.0667
2018-09-28,COST,0.2922,0.0667
2018-09-28,CSX,0.3614,0.0667
2018-09-28,FTNT,0.7599,0.0667
2018-09-28,INTU,0.3442,0.0667
2018-09-28,ISRG,0.4318,0.0667
2018-09-28,MSFT,0.3026,0.0667
2018-09-28,NFLX,0.3348,0.0667
2018-09-28,NVDA,0.2728,0.0667
2018-09-28,ORLY,0.4712,0.0667
2018-09-28,QCOM,0.3649,0.0667
2018-10-31,AAPL,0.2464,0.0667
2018-10-31,ADP,0.1819,0.0667
2018-10-31,AMD,0.6661,0.0667
2018-10-31,AMGN,0.1756,0.0667
2018-10-31,CMCSA,0.2437,0.0667
2018-10-31,COST,0.191,0.0667
2018-10-31,CSX,0.1728,0.0667
2018-10-31,FTNT,0.4646,0.0667
2018-10-31,ISRG,0.1627,0.0667
2018-10-31,ORLY,0.2387,0.0667
2018-10-31,PEP,0.1716,0.0667
2018-10-31,QCOM,0.2746,0.0667
2018-10-31,REGN,0.1602,0.0667
2018-10-31,TMUS,0.2259,0.0667
2018-10-31,TSLA,0.1859,0.0667
2018-11-30,AMD,0.4343,0.0667
2018-11-30,AMGN,0.1385,0.0667
2018-11-30,CMCSA,0.2607,0.0667
2018-11-30,COST,0.1701,0.0667
2018-11-30,FTNT,0.182,0.0667
2018-11-30,MDLZ,0.1437,0.0667
2018-11-30,MELI,0.1441,0.0667
2018-11-30,MNST,0.1523,0.0667
2018-11-30,ORLY,0.2487,0.0667
2018-11-30,PEP,0.228,0.0667
2018-11-30,REGN,0.1716,0.0667
2018-11-30,SBUX,0.1836,0.0667
2018-11-30,TMUS,0.1984,0.0667
2018-11-30,TSLA,0.1811,0.0667
2018-11-30,VRTX,0.2081,0.0667
2018-12-31,AMD,0.2315,0.0667
2018-12-31,AMGN,0.0692,0.0667
2018-12-31,AVGO,0.067,0.0667
2018-12-31,CDNS,0.0039,0.0667
2018-12-31,CMCSA,0.0553,0.0667
2018-12-31,CSCO,0.0217,0.0667
2018-12-31,FTNT,0.1281,0.0667
2018-12-31,MSFT,0.0384,0.0667
2018-12-31,ORLY,0.2587,0.0667
2018-12-31,PEP,0.0313,0.0667
2018-12-31,PYPL,0.0098,0.0667
2018-12-31,QCOM,0.0344,0.0667
2018-12-31,REGN,0.0826,0.0667
2018-12-31,SBUX,0.3346,0.0667
2018-12-31,TMUS,0.0646,0.0667
2019-01-31,ADSK,0.1461,0.0667
2019-01-31,AMD,0.3317,0.0667
2019-01-31,AVGO,0.2315,0.0667
2019-01-31,CDNS,0.0894,0.0667
2019-01-31,CSCO,0.1345,0.0667
2019-01-31,FTNT,0.2171,0.0667
2019-01-31,MDLZ,0.0798,0.0667
2019-01-31,ORLY,0.1263,0.0667
2019-01-31,PANW,0.0835,0.0667
2019-01-31,PDD,0.293,0.0667
2019-01-31,PYPL,0.0806,0.0667
2019-01-31,REGN,0.1665,0.0667
2019-01-31,SBUX,0.3167,0.0667
2019-01-31,TMUS,0.1603,0.0667
2019-01-31,VRTX,0.0906,0.0667
2019-02-28,ADI,0.0853,0.0667
2019-02-28,AVGO,0.3164,0.0667
2019-02-28,CDNS,0.2222,0.0667
2019-02-28,CSCO,0.1274,0.0667
2019-02-28,INTC,0.1092,0.0667
2019-02-28,INTU,0.1711,0.0667
2019-02-28,MDLZ,0.1239,0.0667
2019-02-28,MELI,0.2239,0.0667
2019-02-28,ORLY,0.1269,0.0667
2019-02-28,PANW,0.0861,0.0667
2019-02-28,PDD,0.5618,0.0667
2019-02-28,PYPL,0.09,0.0667
2019-02-28,REGN,0.1089,0.0667
2019-02-28,SBUX,0.3405,0.0667
2019-02-28,TMUS,0.0974,0.0667
2019-03-29,ADI,0.1523,0.0667
2019-03-29,AVGO,0.2492,0.0667
2019-03-29,CDNS,0.4129,0.0667
2019-03-29,CMCSA,0.1427,0.0667
2019-03-29,CSCO,0.1315,0.0667
2019-03-29,INTC,0.1899,0.0667
2019-03-29,INTU,0.1818,0.0667
2019-03-29,KLAC,0.2053,0.0667
2019-03-29,LRCX,0.2187,0.0667
2019-03-29,MDLZ,0.1752,0.0667
2019-03-29,MELI,0.5351,0.0667
2019-03-29,ORLY,0.1232,0.0667
2019-03-29,PYPL,0.1557,0.0667
2019-03-29,SBUX,0.3118,0.0667
2019-03-29,SNPS,0.175,0.0667
2019-04-30,ADI,0.4854,0.0667
2019-04-30,ADSK,0.3707,0.0667
2019-04-30,AMAT,0.3647,0.0667
2019-04-30,AMD,0.4338,0.0667
2019-04-30,AVGO,0.4607,0.0667
2019-04-30,CDNS,0.4911,0.0667
2019-04-30,KLAC,0.4537,0.0667
2019-04-30,LRCX,0.474,0.0667
2019-04-30,MCHP,0.6124,0.0667
2019-04-30,MELI,0.6269,0.0667
2019-04-30,PANW,0.3054,0.0667
2019-04-30,PYPL,0.3119,0.0667
2019-04-30,QCOM,0.3936,0.0667
2019-04-30,SBUX,0.3315,0.0667
2019-04-30,SNPS,0.3507,0.0667
2019-05-31,ADBE,0.1664,0.0667
2019-05-31,AMD,0.3021,0.0667
2019-05-31,CDNS,0.4756,0.0667
2019-05-31,CTAS,0.2099,0.0667
2019-05-31,INTU,0.237,0.0667
2019-05-31,LRCX,0.2047,0.0667
2019-05-31,MELI,0.7199,0.0667
2019-05-31,META,0.3146,0.0667
2019-05-31,MSFT,0.1636,0.0667
2019-05-31,NFLX,0.2875,0.0667
2019-05-31,PANW,0.2014,0.0667
2019-05-31,PYPL,0.3389,0.0667
2019-05-31,QCOM,0.2296,0.0667
2019-05-31,SBUX,0.1624,0.0667
2019-05-31,SNPS,0.339,0.0667
2019-06-28,AMAT,0.4381,0.0667
2019-06-28,AMD,0.7364,0.0667
2019-06-28,ASML,0.3626,0.0667
2019-06-28,CDNS,0.6312,0.0667
2019-06-28,CTAS,0.4188,0.0667
2019-06-28,HON,0.3405,0.0667
2019-06-28,KLAC,0.3573,0.0667
2019-06-28,LRCX,0.4262,0.0667
2019-06-28,MDLZ,0.3621,0.0667
2019-06-28,MELI,1.1161,0.0667
2019-06-28,META,0.4347,0.0667
2019-06-28,NFLX,0.4373,0.0667
2019-06-28,PYPL,0.3576,0.0667
2019-06-28,QCOM,0.3845,0.0667
2019-06-28,SNPS,0.546,0.0667
2019-07-31,AAPL,0.2997,0.0667
2019-07-31,AMAT,0.2595,0.0667
2019-07-31,AMD,0.3188,0.0667
2019-07-31,ASML,0.2722,0.0667
2019-07-31,CDNS,0.5567,0.0667
2019-07-31,COST,0.3112,0.0667
2019-07-31,CTAS,0.3956,0.0667
2019-07-31,INTU,0.2998,0.0667
2019-07-31,KLAC,0.3043,0.0667
2019-07-31,MELI,0.7165,0.0667
2019-07-31,META,0.2913,0.0667
2019-07-31,MSFT,0.2912,0.0667
2019-07-31,QCOM,0.4887,0.0667
2019-07-31,SBUX,0.4032,0.0667
2019-07-31,SNPS,0.4363,0.0667
2019-08-30,AAPL,0.1961,0.0667
2019-08-30,AMAT,0.2406,0.0667
2019-08-30,AMD,0.3457,0.0667
2019-08-30,ASML,0.2131,0.0667
2019-08-30,COST,0.3562,0.0667
2019-08-30,CTAS,0.2769,0.0667
2019-08-30,KLAC,0.2832,0.0667
2019-08-30,LRCX,0.1983,0.0667
2019-08-30,MDLZ,0.187,0.0667
2019-08-30,MELI,0.282,0.0667
2019-08-30,MSFT,0.2367,0.0667
2019-08-30,PEP,0.1856,0.0667
2019-08-30,QCOM,0.4763,0.0667
2019-08-30,SBUX,0.3725,0.0667
2019-08-30,SNPS,0.3768,0.0667
2019-09-30,AAPL,0.1801,0.0667
2019-09-30,AMAT,0.2249,0.0667
2019-09-30,ASML,0.3057,0.0667
2019-09-30,CMCSA,0.1297,0.0667
2019-09-30,COST,0.1857,0.0667
2019-09-30,CTAS,0.3079,0.0667
2019-09-30,KLAC,0.3216,0.0667
2019-09-30,LRCX,0.2648,0.0667
2019-09-30,MSFT,0.1764,0.0667
2019-09-30,PDD,0.306,0.0667
2019-09-30,PEP,0.1398,0.0667
2019-09-30,QCOM,0.3421,0.0667
2019-09-30,SBUX,0.2056,0.0667
2019-09-30,SNPS,0.1674,0.0667
2019-09-30,TXN,0.2046,0.0667
2019-10-31,AAPL,0.1838,0.0667
2019-10-31,AMAT,0.2462,0.0667
2019-10-31,AMD,0.2023,0.0667
2019-10-31,AMGN,0.2216,0.0667
2019-10-31,ASML,0.2554,0.0667
2019-10-31,BKNG,0.1232,0.0667
2019-10-31,COST,0.2232,0.0667
2019-10-31,CTAS,0.2052,0.0667
2019-10-31,KLAC,0.3323,0.0667
2019-10-31,LRCX,0.3186,0.0667
2019-10-31,MSFT,0.1201,0.0667
2019-10-31,ORLY,0.1589,0.0667
2019-10-31,PDD,0.7062,0.0667
2019-10-31,TSLA,0.2348,0.0667
2019-10-31,VRTX,0.1243,0.0667
2019-11-29,AAPL,0.5526,0.0667
2019-11-29,AMAT,0.505,0.0667
2019-11-29,AMD,0.4195,0.0667
2019-11-29,AMGN,0.3806,0.0667
2019-11-29,ASML,0.4536,0.0667
2019-11-29,FTNT,0.5091,0.0667
2019-11-29,INTC,0.3521,0.0667
2019-11-29,ISRG,0.2938,0.0667
2019-11-29,KLAC,0.6268,0.0667
2019-11-29,LRCX,0.5642,0.0667
2019-11-29,MU,0.4533,0.0667
2019-11-29,NVDA,0.6229,0.0667
2019-11-29,PDD,0.8891,0.0667
2019-11-29,TSLA,0.8435,0.0667
2019-11-29,VRTX,0.3307,0.0667
2019-12-31,AAPL,0.4583,0.0667
2019-12-31,AMAT,0.3777,0.0667
2019-12-31,AMD,0.468,0.0667
2019-12-31,AMGN,0.3094,0.0667
2019-12-31,ASML,0.3862,0.0667
2019-12-31,FTNT,0.3668,0.0667
2019-12-31,GOOGL,0.2038,0.0667
2019-12-31,INTC,0.2591,0.0667
2019-12-31,KLAC,0.5049,0.0667
2019-12-31,LRCX,0.5767,0.0667
2019-12-31,MU,0.3581,0.0667
2019-12-31,NVDA,0.4529,0.0667
2019-12-31,PDD,0.8621,0.0667
2019-12-31,TSLA,0.863,0.0667
2019-12-31,VRTX,0.2196,0.0667
2020-01-31,AAPL,0.4951,0.0667
2020-01-31,ADSK,0.2827,0.0667
2020-01-31,AMD,0.574,0.0667
2020-01-31,ASML,0.2729,0.0667
2020-01-31,FTNT,0.4599,0.0667
2020-01-31,INTC,0.3074,0.0667
2020-01-31,KLAC,0.2245,0.0667
2020-01-31,LRCX,0.4629,0.0667
2020-01-31,MSFT,0.2413,0.0667
2020-01-31,MU,0.2177,0.0667
2020-01-31,NVDA,0.4361,0.0667
2020-01-31,PDD,0.5543,0.0667
2020-01-31,QCOM,0.2171,0.0667
2020-01-31,TSLA,1.782,0.0667
2020-01-31,VRTX,0.2664,0.0667
2020-02-28,AAPL,0.3372,0.0667
2020-02-28,ADBE,0.2233,0.0667
2020-02-28,ADSK,0.3626,0.0667
2020-02-28,AMAT,0.2746,0.0667
2020-02-28,AMD,0.4776,0.0667
2020-02-28,ASML,0.2881,0.0667
2020-02-28,FTNT,0.311,0.0667
2020-02-28,INTC,0.2252,0.0667
2020-02-28,LRCX,0.457,0.0667
2020-02-28,MU,0.2181,0.0667
2020-02-28,NFLX,0.2648,0.0667
2020-02-28,NVDA,0.6774,0.0667
2020-02-28,REGN,0.5456,0.0667
2020-02-28,TSLA,2.0984,0.0667
2020-02-28,VRTX,0.2562,0.0667
2020-03-31,AAPL,0.1415,0.0667
2020-03-31,ADBE,0.152,0.0667
2020-03-31,AMD,0.5688,0.0667
2020-03-31,AMGN,0.0621,0.0667
2020-03-31,AMZN,0.1232,0.0667
2020-03-31,FTNT,0.318,0.0667
2020-03-31,GILD,0.2017,0.0667
2020-03-31,MSFT,0.1413,0.0667
2020-03-31,NFLX,0.4031,0.0667
2020-03-31,NVDA,0.5164,0.0667
2020-03-31,PDD,0.1182,0.0667
2020-03-31,REGN,0.7602,0.0667
2020-03-31,TMUS,0.0651,0.0667
2020-03-31,TSLA,1.1754,0.0667
2020-03-31,VRTX,0.4045,0.0667
2020-04-30,AAPL,0.2141,0.0667
2020-04-30,ADBE,0.3028,0.0667
2020-04-30,ADSK,0.2853,0.0667
2020-04-30,AMD,0.5861,0.0667
2020-04-30,AMZN,0.4035,0.0667
2020-04-30,CDNS,0.2298,0.0667
2020-04-30,FTNT,0.3342,0.0667
2020-04-30,GILD,0.3487,0.0667
2020-04-30,MSFT,0.2624,0.0667
2020-04-30,NFLX,0.493,0.0667
2020-04-30,NVDA,0.4423,0.0667
2020-04-30,PYPL,0.1714,0.0667
2020-04-30,REGN,0.6939,0.0667
2020-04-30,TSLA,1.4726,0.0667
2020-04-30,VRTX,0.2694,0.0667
2020-05-29,ADBE,0.2556,0.0667
2020-05-29,AMD,0.3798,0.0667
2020-05-29,AMZN,0.3592,0.0667
2020-05-29,CDNS,0.313,0.0667
2020-05-29,FTNT,0.3337,0.0667
2020-05-29,MELI,0.4605,0.0667
2020-05-29,NFLX,0.3432,0.0667
2020-05-29,NVDA,0.6382,0.0667
2020-05-29,PDD,0.8083,0.0667
2020-05-29,PYPL,0.4596,0.0667
2020-05-29,REGN,0.6843,0.0667
2020-05-29,SNPS,0.2916,0.0667
2020-05-29,TMUS,0.2752,0.0667
2020-05-29,TSLA,1.5386,0.0667
2020-05-29,VRTX,0.3146,0.0667
2020-06-30,ADBE,0.3258,0.0667
2020-06-30,ADSK,0.3049,0.0667
2020-06-30,AMZN,0.4938,0.0667
2020-06-30,CDNS,0.3711,0.0667
2020-06-30,MELI,0.6884,0.0667
2020-06-30,MSFT,0.2985,0.0667
2020-06-30,NFLX,0.4074,0.0667
2020-06-30,NVDA,0.637,0.0667
2020-06-30,PDD,1.2501,0.0667
2020-06-30,PYPL,0.6137,0.0667
2020-06-30,REGN,0.6689,0.0667
2020-06-30,SNPS,0.4019,0.0667
2020-06-30,TMUS,0.3339,0.0667
2020-06-30,TSLA,1.6038,0.0667
2020-06-30,VRTX,0.3258,0.0667
2020-07-31,AAPL,0.3803,0.0667
2020-07-31,AMD,0.6474,0.0667
2020-07-31,AMZN,0.5755,0.0667
2020-07-31,ASML,0.2667,0.0667
2020-07-31,CDNS,0.515,0.0667
2020-07-31,LRCX,0.2774,0.0667
2020-07-31,MELI,0.6963,0.0667
2020-07-31,NFLX,0.4167,0.0667
2020-07-31,NVDA,0.7977,0.0667
2020-07-31,PDD,1.6065,0.0667
2020-07-31,PYPL,0.7216,0.0667
2020-07-31,REGN,0.8704,0.0667
2020-07-31,SNPS,0.3506,0.0667
2020-07-31,TMUS,0.356,0.0667
2020-07-31,TSLA,1.1992,0.0667
2020-08-31,AAPL,0.7921,0.0667
2020-08-31,ADBE,0.4738,0.0667
2020-08-31,AMD,0.9427,0.0667
2020-08-31,AMZN,0.8077,0.0667
2020-08-31,CDNS,0.6746,0.0667
2020-08-31,MELI,0.8706,0.0667
2020-08-31,META,0.5773,0.0667
2020-08-31,NFLX,0.436,0.0667
2020-08-31,NVDA,1.013,0.0667
2020-08-31,PANW,0.414,0.0667
2020-08-31,PDD,1.4851,0.0667
2020-08-31,PYPL,0.8599,0.0667
2020-08-31,QCOM,0.5399,0.0667
2020-08-31,SNPS,0.5794,0.0667
2020-08-31,TSLA,2.3421,0.0667
2020-09-30,AAPL,0.9316,0.0667
2020-09-30,ADSK,0.6593,0.0667
2020-09-30,AMD,0.8779,0.0667
2020-09-30,AMZN,0.6505,0.0667
2020-09-30,AVGO,0.6609,0.0667
2020-09-30,CTAS,1.0458,0.0667
2020-09-30,MCHP,0.649,0.0667
2020-09-30,MELI,1.4198,0.0667
2020-09-30,META,0.641,0.0667
2020-09-30,NVDA,1.2283,0.0667
2020-09-30,PDD,1.0655,0.0667
2020-09-30,PYPL,1.1562,0.0667
2020-09-30,QCOM,0.8092,0.0667
2020-09-30,SNPS,0.6988,0.0667
2020-09-30,TSLA,3.4544,0.0667
2020-10-30,AAPL,0.492,0.0667
2020-10-30,AMD,0.4325,0.0667
2020-10-30,AVGO,0.3592,0.0667
2020-10-30,CDNS,0.4087,0.0667
2020-10-30,CTAS,0.5004,0.0667
2020-10-30,ISRG,0.3289,0.0667
2020-10-30,LRCX,0.4701,0.0667
2020-10-30,MELI,0.9988,0.0667
2020-10-30,NVDA,0.7225,0.0667
2020-10-30,PDD,0.9405,0.0667
2020-10-30,PYPL,0.5052,0.0667
2020-10-30,QCOM,0.6514,0.0667
2020-10-30,SNPS,0.4155,0.0667
2020-10-30,TSLA,1.5489,0.0667
2020-10-30,TXN,0.327,0.0667
2020-11-30,AAPL,0.478,0.0667
2020-11-30,AMAT,0.4877,0.0667
2020-11-30,AMD,0.7307,0.0667
2020-11-30,AVGO,0.3736,0.0667
2020-11-30,CTAS,0.408,0.0667
2020-11-30,HON,0.3888,0.0667
2020-11-30,KLAC,0.4329,0.0667
2020-11-30,LRCX,0.6806,0.0667
2020-11-30,MCHP,0.3966,0.0667
2020-11-30,MELI,0.8067,0.0667
2020-11-30,MU,0.3689,0.0667
2020-11-30,NVDA,0.5197,0.0667
2020-11-30,PDD,1.0626,0.0667
2020-11-30,QCOM,0.7618,0.0667
2020-11-30,TSLA,2.2193,0.0667
2020-12-31,AAPL,0.4628,0.0667
2020-12-31,AMAT,0.4237,0.0667
2020-12-31,AMD,0.7522,0.0667
2020-12-31,AVGO,0.4125,0.0667
2020-12-31,HON,0.4819,0.0667
2020-12-31,ISRG,0.4094,0.0667
2020-12-31,LRCX,0.4684,0.0667
2020-12-31,MAR,0.5025,0.0667
2020-12-31,MELI,0.6948,0.0667
2020-12-31,MU,0.5087,0.0667
2020-12-31,PANW,0.5416,0.0667
2020-12-31,PDD,0.9104,0.0667
2020-12-31,QCOM,0.6743,0.0667
2020-12-31,SBUX,0.4647,0.0667
2020-12-31,TSLA,1.9192,0.0667
2021-01-29,AAPL,0.3767,0.0667
2021-01-29,AMAT,0.5102,0.0667
2021-01-29,ASML,0.4783,0.0667
2021-01-29,AVGO,0.469,0.0667
2021-01-29,HON,0.3234,0.0667
2021-01-29,KLAC,0.4268,0.0667
2021-01-29,MAR,0.3602,0.0667
2021-01-29,MCHP,0.3397,0.0667
2021-01-29,MELI,0.6068,0.0667
2021-01-29,MU,0.5426,0.0667
2021-01-29,PANW,0.393,0.0667
2021-01-29,PDD,0.9509,0.0667
2021-01-29,QCOM,0.4721,0.0667
2021-01-29,TSLA,1.6673,0.0667
2021-01-29,TXN,0.3026,0.0667
2021-02-26,ADI,0.311,0.0667
2021-02-26,AMAT,0.8627,0.0667
2021-02-26,ASML,0.4752,0.0667
2021-02-26,AVGO,0.4078,0.0667
2021-02-26,KLAC,0.4762,0.0667
2021-02-26,LRCX,0.6226,0.0667
2021-02-26,MAR,0.5205,0.0667
2021-02-26,MCHP,0.4259,0.0667
2021-02-26,MELI,0.3472,0.0667
2021-02-26,MU,1.0358,0.0667
2021-02-26,PANW,0.3601,0.0667
2021-02-26,PDD,0.9178,0.0667
2021-02-26,PYPL,0.277,0.0667
2021-02-26,SBUX,0.3227,0.0667
2021-02-26,TSLA,0.5686,0.0667
2021-03-31,ADP,0.3847,0.0667
2021-03-31,AMAT,1.2506,0.0667
2021-03-31,ASML,0.6571,0.0667
2021-03-31,BKNG,0.3926,0.0667
2021-03-31,FTNT,0.5749,0.0667
2021-03-31,GOOGL,0.4069,0.0667
2021-03-31,KLAC,0.7203,0.0667
2021-03-31,LRCX,0.7714,0.0667
2021-03-31,MAR,0.5888,0.0667
2021-03-31,MCHP,0.5191,0.0667
2021-03-31,MELI,0.3595,0.0667
2021-03-31,MU,0.7395,0.0667
2021-03-31,PDD,0.8166,0.0667
2021-03-31,TSLA,0.5938,0.0667
2021-03-31,TXN,0.3534,0.0667
2021-04-30,AMAT,1.3265,0.0667
2021-04-30,ASML,0.793,0.0667
2021-04-30,BKNG,0.5365,0.0667
2021-04-30,CSCO,0.4475,0.0667
2021-04-30,FTNT,0.7169,0.0667
2021-04-30,GOOGL,0.5578,0.0667
2021-04-30,HON,0.3966,0.0667
2021-04-30,KLAC,0.6659,0.0667
2021-04-30,LRCX,0.8399,0.0667
2021-04-30,MAR,0.6508,0.0667
2021-04-30,MCHP,0.4737,0.0667
2021-04-30,MU,0.7214,0.0667
2021-04-30,PANW,0.5642,0.0667
2021-04-30,PDD,0.4883,0.0667
2021-04-30,TSLA,0.7473,0.0667
2021-05-28,ADI,0.2265,0.0667
2021-05-28,AMAT,0.7086,0.0667
2021-05-28,ASML,0.5997,0.0667
2021-05-28,AVGO,0.2284,0.0667
2021-05-28,CSCO,0.2638,0.0667
2021-05-28,FTNT,0.8233,0.0667
2021-05-28,GOOGL,0.336,0.0667
2021-05-28,INTC,0.2289,0.0667
2021-05-28,INTU,0.2567,0.0667
2021-05-28,KLAC,0.2803,0.0667
2021-05-28,LRCX,0.4618,0.0667
2021-05-28,MU,0.3265,0.0667
2021-05-28,NVDA,0.2282,0.0667
2021-05-28,PANW,0.2219,0.0667
2021-05-28,TXN,0.2184,0.0667
2021-06-30,ADI,0.2086,0.0667
2021-06-30,AMAT,0.696,0.0667
2021-06-30,ASML,0.4315,0.0667
2021-06-30,FTNT,0.6145,0.0667
2021-06-30,GILD,0.2383,0.0667
2021-06-30,GOOGL,0.3891,0.0667
2021-06-30,INTU,0.2996,0.0667
2021-06-30,KLAC,0.282,0.0667
2021-06-30,LRCX,0.3811,0.0667
2021-06-30,META,0.2563,0.0667
2021-06-30,MSFT,0.2141,0.0667
2021-06-30,MU,0.2104,0.0667
2021-06-30,NVDA,0.5463,0.0667
2021-06-30,ORLY,0.2511,0.0667
2021-06-30,PYPL,0.2617,0.0667
2021-07-30,ADBE,0.355,0.0667
2021-07-30,ADP,0.2821,0.0667
2021-07-30,AMAT,0.4526,0.0667
2021-07-30,ASML,0.4396,0.0667
2021-07-30,CSCO,0.2597,0.0667
2021-07-30,FTNT,0.8808,0.0667
2021-07-30,GOOGL,0.4745,0.0667
2021-07-30,INTU,0.4709,0.0667
2021-07-30,ISRG,0.3261,0.0667
2021-07-30,LRCX,0.3229,0.0667
2021-07-30,MAR,0.2551,0.0667
2021-07-30,META,0.3792,0.0667
2021-07-30,NVDA,0.502,0.0667
2021-07-30,ORLY,0.4192,0.0667
2021-07-30,SBUX,0.2647,0.0667
2021-08-31,ADBE,0.48,0.0667
2021-08-31,AMD,0.3693,0.0667
2021-08-31,ASML,0.5369,0.0667
2021-08-31,COST,0.4118,0.0667
2021-08-31,CSCO,0.3263,0.0667
2021-08-31,FTNT,0.8551,0.0667
2021-08-31,GOOGL,0.4388,0.0667
2021-08-31,INTU,0.4602,0.0667
2021-08-31,ISRG,0.4489,0.0667
2021-08-31,META,0.4854,0.0667
2021-08-31,MSFT,0.3322,0.0667
2021-08-31,NVDA,0.7495,0.0667
2021-08-31,PANW,0.3412,0.0667
2021-08-31,REGN,0.5074,0.0667
2021-08-31,SNPS,0.4023,0.0667
2021-09-30,ADBE,0.1911,0.0667
2021-09-30,AMD,0.269,0.0667
2021-09-30,ASML,0.1729,0.0667
2021-09-30,COST,0.2711,0.0667
2021-09-30,FTNT,0.5668,0.0667
2021-09-30,GOOGL,0.2553,0.0667
2021-09-30,INTU,0.3686,0.0667
2021-09-30,ISRG,0.3298,0.0667
2021-09-30,MSFT,0.1682,0.0667
2021-09-30,NVDA,0.5005,0.0667
2021-09-30,ORLY,0.2033,0.0667
2021-09-30,PANW,0.4601,0.0667
2021-09-30,REGN,0.2743,0.0667
2021-09-30,SNPS,0.1777,0.0667
2021-09-30,TSLA,0.1719,0.0667
2021-10-29,ADBE,0.2918,0.0667
2021-10-29,AMD,0.5306,0.0667
2021-10-29,CDNS,0.3355,0.0667
2021-10-29,COST,0.3004,0.0667
2021-10-29,FTNT,0.6554,0.0667
2021-10-29,GOOGL,0.2637,0.0667
2021-10-29,INTU,0.5255,0.0667
2021-10-29,ISRG,0.2488,0.0667
2021-10-29,MSFT,0.3223,0.0667
2021-10-29,NFLX,0.3559,0.0667
2021-10-29,NVDA,0.7239,0.0667
2021-10-29,PANW,0.4584,0.0667
2021-10-29,REGN,0.3097,0.0667
2021-10-29,SNPS,0.361,0.0667
2021-10-29,TSLA,0.6265,0.0667
2021-11-30,AAPL,0.3257,0.0667
2021-11-30,ADBE,0.3511,0.0667
2021-11-30,AMD,0.932,0.0667
2021-11-30,CDNS,0.425,0.0667
2021-11-30,COST,0.4222,0.0667
2021-11-30,FTNT,0.5349,0.0667
2021-11-30,INTU,0.468,0.0667
2021-11-30,KLAC,0.3007,0.0667
2021-11-30,MSFT,0.3418,0.0667
2021-11-30,NFLX,0.2858,0.0667
2021-11-30,NVDA,0.9483,0.0667
2021-11-30,PANW,0.5292,0.0667
2021-11-30,QCOM,0.3556,0.0667
2021-11-30,SNPS,0.3476,0.0667
2021-11-30,TSLA,0.8918,0.0667
2021-12-31,AAPL,0.2725,0.0667
2021-12-31,ADP,0.2349,0.0667
2021-12-31,AMD,0.5195,0.0667
2021-12-31,AVGO,0.4409,0.0667
2021-12-31,CDNS,0.3509,0.0667
2021-12-31,COST,0.428,0.0667
2021-12-31,FTNT,0.449,0.0667
2021-12-31,INTU,0.2957,0.0667
2021-12-31,KLAC,0.3873,0.0667
2021-12-31,MSFT,0.2158,0.0667
2021-12-31,NVDA,0.436,0.0667
2021-12-31,PANW,0.4934,0.0667
2021-12-31,QCOM,0.2934,0.0667
2021-12-31,SNPS,0.32,0.0667
2021-12-31,TSLA,0.5566,0.0667
2022-01-31,AAPL,0.2046,0.0667
2022-01-31,AVGO,0.2254,0.0667
2022-01-31,BKNG,0.1314,0.0667
2022-01-31,COST,0.1796,0.0667
2022-01-31,KLAC,0.1318,0.0667
2022-01-31,MAR,0.1122,0.0667
2022-01-31,MSFT,0.0959,0.0667
2022-01-31,NVDA,0.2402,0.0667
2022-01-31,ORLY,0.0842,0.0667
2022-01-31,PANW,0.2925,0.0667
2022-01-31,PEP,0.1252,0.0667
2022-01-31,QCOM,0.1907,0.0667
2022-01-31,SNPS,0.0796,0.0667
2022-01-31,TSLA,0.3199,0.0667
2022-01-31,VRTX,0.2255,0.0667
2022-02-28,AAPL,0.1142,0.0667
2022-02-28,AMD,0.1072,0.0667
2022-02-28,AVGO,0.2008,0.0667
2022-02-28,COST,0.1566,0.0667
2022-02-28,FTNT,0.09,0.0667
2022-02-28,MAR,0.2508,0.0667
2022-02-28,MDLZ,0.07,0.0667
2022-02-28,MU,0.2038,0.0667
2022-02-28,NVDA,0.0776,0.0667
2022-02-28,ORLY,0.0969,0.0667
2022-02-28,PANW,0.2883,0.0667
2022-02-28,PEP,0.0712,0.0667
2022-02-28,QCOM,0.1974,0.0667
2022-02-28,TSLA,0.2227,0.0667
2022-02-28,VRTX,0.1506,0.0667
2022-03-31,AAPL,0.2374,0.0667
2022-03-31,ADP,0.1489,0.0667
2022-03-31,AMGN,0.1566,0.0667
2022-03-31,AVGO,0.3156,0.0667
2022-03-31,COST,0.2855,0.0667
2022-03-31,CSX,0.2663,0.0667
2022-03-31,FTNT,0.1702,0.0667
2022-03-31,MAR,0.1868,0.0667
2022-03-31,NVDA,0.3175,0.0667
2022-03-31,PANW,0.2996,0.0667
2022-03-31,PEP,0.1277,0.0667
2022-03-31,QCOM,0.1943,0.0667
2022-03-31,REGN,0.1541,0.0667
2022-03-31,TSLA,0.3896,0.0667
2022-03-31,VRTX,0.4387,0.0667
2022-04-29,AAPL,0.0361,0.0667
2022-04-29,ADP,-0.0121,0.0667
2022-04-29,AMGN,0.1448,0.0667
2022-04-29,AVGO,0.0607,0.0667
2022-04-29,COST,0.0874,0.0667
2022-04-29,MAR,0.1097,0.0667
2022-04-29,MDLZ,0.0695,0.0667
2022-04-29,MNST,0.0092,0.0667
2022-04-29,MU,-0.0176,0.0667
2022-04-29,PANW,0.1262,0.0667
2022-04-29,PEP,0.0766,0.0667
2022-04-29,QCOM,0.0532,0.0667
2022-04-29,REGN,0.0543,0.0667
2022-04-29,TMUS,0.0612,0.0667
2022-04-29,VRTX,0.5012,0.0667
2022-05-31,ADI,-0.0684,0.0667
2022-05-31,ADP,-0.046,0.0667
2022-05-31,AMGN,0.2829,0.0667
2022-05-31,AVGO,0.0416,0.0667
2022-05-31,BKNG,0.0282,0.0667
2022-05-31,GILD,-0.061,0.0667
2022-05-31,HON,-0.0577,0.0667
2022-05-31,MAR,0.1401,0.0667
2022-05-31,MDLZ,0.0596,0.0667
2022-05-31,MNST,0.0261,0.0667
2022-05-31,ORLY,-0.0108,0.0667
2022-05-31,PEP,0.0357,0.0667
2022-05-31,REGN,0.0158,0.0667
2022-05-31,TMUS,0.1754,0.0667
2022-05-31,VRTX,0.4131,0.0667
2022-06-30,ADP,-0.1448,0.0667
2022-06-30,AMGN,0.0868,0.0667
2022-06-30,COST,-0.1532,0.0667
2022-06-30,CTAS,-0.1562,0.0667
2022-06-30,GILD,-0.1393,0.0667
2022-06-30,HON,-0.1536,0.0667
2022-06-30,MDLZ,-0.0489,0.0667
2022-06-30,MNST,-0.0323,0.0667
2022-06-30,ORLY,-0.1079,0.0667
2022-06-30,PANW,-0.1236,0.0667
2022-06-30,PDD,0.1442,0.0667
2022-06-30,PEP,-0.0234,0.0667
2022-06-30,REGN,-0.0867,0.0667
2022-06-30,TMUS,0.1437,0.0667
2022-06-30,VRTX,0.2618,0.0667
2022-07-29,ADI,0.123,0.0667
2022-07-29,ADP,0.2396,0.0667
2022-07-29,AMGN,0.1232,0.0667
2022-07-29,CDNS,0.3389,0.0667
2022-07-29,COST,0.1273,0.0667
2022-07-29,CTAS,0.1323,0.0667
2022-07-29,FTNT,0.1058,0.0667
2022-07-29,KLAC,0.0665,0.0667
2022-07-29,MNST,0.1978,0.0667
2022-07-29,ORLY,0.1086,0.0667
2022-07-29,PEP,0.047,0.0667
2022-07-29,SNPS,0.2878,0.0667
2022-07-29,TMUS,0.3492,0.0667
2022-07-29,TSLA,0.0752,0.0667
2022-07-29,VRTX,0.2287,0.0667
2022-08-31,ADP,0.1963,0.0667
2022-08-31,AMGN,0.0679,0.0667
2022-08-31,CDNS,0.1036,0.0667
2022-08-31,COST,-0.0079,0.0667
2022-08-31,CTAS,0.0735,0.0667
2022-08-31,GILD,0.0627,0.0667
2022-08-31,HON,0.0259,0.0667
2022-08-31,KLAC,0.0012,0.0667
2022-08-31,MNST,0.0607,0.0667
2022-08-31,ORLY,0.0314,0.0667
2022-08-31,PDD,0.462,0.0667
2022-08-31,PEP,0.0613,0.0667
2022-08-31,SNPS,0.0974,0.0667
2022-08-31,TMUS,0.1461,0.0667
2022-08-31,VRTX,0.2035,0.0667
2022-09-30,ADP,0.0031,0.0667
2022-09-30,AMGN,-0.0532,0.0667
2022-09-30,CDNS,-0.0063,0.0667
2022-09-30,CTAS,-0.0826,0.0667
2022-09-30,GILD,0.0626,0.0667
2022-09-30,MDLZ,-0.1158,0.0667
2022-09-30,MNST,0.0884,0.0667
2022-09-30,ORLY,0.0268,0.0667
2022-09-30,PDD,0.5602,0.0667
2022-09-30,PEP,-0.0112,0.0667
2022-09-30,REGN,-0.0137,0.0667
2022-09-30,SBUX,-0.0619,0.0667
2022-09-30,SNPS,-0.0833,0.0667
2022-09-30,TMUS,0.0453,0.0667
2022-09-30,VRTX,0.1095,0.0667
2022-10-31,ADP,0.1121,0.0667
2022-10-31,ADSK,0.1109,0.0667
2022-10-31,AMGN,0.1893,0.0667
2022-10-31,CTAS,0.098,0.0667
2022-10-31,GILD,0.3321,0.0667
2022-10-31,HON,0.0468,0.0667
2022-10-31,MNST,0.1058,0.0667
2022-10-31,NFLX,0.4634,0.0667
2022-10-31,ORLY,0.3709,0.0667
2022-10-31,PDD,0.2277,0.0667
2022-10-31,PEP,0.0972,0.0667
2022-10-31,REGN,0.1484,0.0667
2022-10-31,SBUX,0.1635,0.0667
2022-10-31,TMUS,0.1991,0.0667
2022-10-31,VRTX,0.191,0.0667
2022-11-30,ADP,0.2153,0.0667
2022-11-30,AMGN,0.1467,0.0667
2022-11-30,COST,0.1842,0.0667
2022-11-30,CTAS,0.1879,0.0667
2022-11-30,GILD,0.3885,0.0667
2022-11-30,HON,0.1554,0.0667
2022-11-30,ISRG,0.2495,0.0667
2022-11-30,MELI,0.2214,0.0667
2022-11-30,MNST,0.1682,0.0667
2022-11-30,NFLX,0.5838,0.0667
2022-11-30,ORLY,0.3841,0.0667
2022-11-30,PDD,0.6743,0.0667
2022-11-30,REGN,0.1408,0.0667
2022-11-30,SBUX,0.3552,0.0667
2022-11-30,VRTX,0.1744,0.0667
2022-12-30,ADI,0.1584,0.0667
2022-12-30,ASML,0.2213,0.0667
2022-12-30,AVGO,0.1898,0.0667
2022-12-30,CTAS,0.2052,0.0667
2022-12-30,GILD,0.4038,0.0667
2022-12-30,HON,0.2359,0.0667
2022-12-30,ISRG,0.2875,0.0667
2022-12-30,KLAC,0.2815,0.0667
2022-12-30,MCHP,0.2617,0.0667
2022-12-30,MELI,0.2823,0.0667
2022-12-30,NFLX,0.6387,0.0667
2022-12-30,ORLY,0.3269,0.0667
2022-12-30,PDD,0.2581,0.0667
2022-12-30,REGN,0.2118,0.0667
2022-12-30,SBUX,0.2659,0.0667
2023-01-31,ASML,0.1492,0.0667
2023-01-31,AVGO,0.109,0.0667
2023-01-31,BKNG,0.2766,0.0667
2023-01-31,CSCO,0.0935,0.0667
2023-01-31,GILD,0.4362,0.0667
2023-01-31,HON,0.0967,0.0667
2023-01-31,MAR,0.0963,0.0667
2023-01-31,MCHP,0.1321,0.0667
2023-01-31,MELI,0.4518,0.0667
2023-01-31,NFLX,0.5643,0.0667
2023-01-31,ORLY,0.1176,0.0667
2023-01-31,PDD,1.0545,0.0667
2023-01-31,REGN,0.3152,0.0667
2023-01-31,SBUX,0.3001,0.0667
2023-01-31,VRTX,0.1799,0.0667
2023-02-28,ADI,0.1725,0.0667
2023-02-28,AMAT,0.1812,0.0667
2023-02-28,ASML,0.2177,0.0667
2023-02-28,AVGO,0.1601,0.0667
2023-02-28,BKNG,0.3208,0.0667
2023-02-28,FTNT,0.1991,0.0667
2023-02-28,GILD,0.3166,0.0667
2023-02-28,MCHP,0.2392,0.0667
2023-02-28,MELI,0.3898,0.0667
2023-02-28,NFLX,0.4427,0.0667
2023-02-28,NVDA,0.4286,0.0667
2023-02-28,ORLY,0.1879,0.0667
2023-02-28,PDD,0.5239,0.0667
2023-02-28,REGN,0.2755,0.0667
2023-02-28,SBUX,0.2276,0.0667
2023-03-31,ADBE,0.385,0.0667
2023-03-31,ADI,0.4016,0.0667
2023-03-31,AMAT,0.4619,0.0667
2023-03-31,AMD,0.5281,0.0667
2023-03-31,ASML,0.5995,0.0667
2023-03-31,AVGO,0.4475,0.0667
2023-03-31,BKNG,0.5798,0.0667
2023-03-31,FTNT,0.3391,0.0667
2023-03-31,ISRG,0.3513,0.0667
2023-03-31,LRCX,0.4412,0.0667
2023-03-31,MCHP,0.3633,0.0667
2023-03-31,MELI,0.5886,0.0667
2023-03-31,META,0.5537,0.0667
2023-03-31,NFLX,0.4412,0.0667
2023-03-31,NVDA,1.274,0.0667
2023-04-28,ADI,0.2839,0.0667
2023-04-28,AMAT,0.2885,0.0667
2023-04-28,AMD,0.4962,0.0667
2023-04-28,ASML,0.3224,0.0667
2023-04-28,AVGO,0.3797,0.0667
2023-04-28,BKNG,0.4509,0.0667
2023-04-28,CDNS,0.4052,0.0667
2023-04-28,CMCSA,0.3337,0.0667
2023-04-28,LRCX,0.3691,0.0667
2023-04-28,MDLZ,0.2953,0.0667
2023-04-28,MELI,0.5329,0.0667
2023-04-28,META,0.8512,0.0667
2023-04-28,MSFT,0.3354,0.0667
2023-04-28,NVDA,1.1527,0.0667
2023-04-28,SBUX,0.345,0.0667
2023-05-31,ADBE,0.27,0.0667
2023-05-31,AMAT,0.2946,0.0667
2023-05-31,AMD,0.6151,0.0667
2023-05-31,AMZN,0.2834,0.0667
2023-05-31,AVGO,0.5713,0.0667
2023-05-31,CDNS,0.3999,0.0667
2023-05-31,FTNT,0.312,0.0667
2023-05-31,GOOGL,0.2792,0.0667
2023-05-31,LRCX,0.4016,0.0667
2023-05-31,MELI,0.3448,0.0667
2023-05-31,META,1.4335,0.0667
2023-05-31,MSFT,0.3647,0.0667
2023-05-31,NFLX,0.4057,0.0667
2023-05-31,NVDA,1.3915,0.0667
2023-05-31,SNPS,0.3824,0.0667
2023-06-30,AAPL,0.5434,0.0667
2023-06-30,ADBE,0.4893,0.0667
2023-06-30,AMAT,0.5415,0.0667
2023-06-30,AMD,0.8205,0.0667
2023-06-30,AMZN,0.5933,0.0667
2023-06-30,AVGO,0.6119,0.0667
2023-06-30,CDNS,0.4811,0.0667
2023-06-30,FTNT,0.5794,0.0667
2023-06-30,LRCX,0.6062,0.0667
2023-06-30,META,1.4821,0.0667
2023-06-30,MSFT,0.4588,0.0667
2023-06-30,NFLX,0.5909,0.0667
2023-06-30,NVDA,2.0146,0.0667
2023-06-30,PANW,0.8606,0.0667
2023-06-30,TSLA,1.3225,0.0667
2023-07-31,AAPL,0.3501,0.0667
2023-07-31,ADBE,0.4733,0.0667
2023-07-31,AMAT,0.3541,0.0667
2023-07-31,AMD,0.5172,0.0667
2023-07-31,AMZN,0.3075,0.0667
2023-07-31,AVGO,0.5397,0.0667
2023-07-31,FTNT,0.4748,0.0667
2023-07-31,GOOGL,0.3356,0.0667
2023-07-31,ISRG,0.312,0.0667
2023-07-31,LRCX,0.4974,0.0667
2023-07-31,META,1.0996,0.0667
2023-07-31,MSFT,0.36,0.0667
2023-07-31,NVDA,1.2952,0.0667
2023-07-31,PANW,0.5644,0.0667
2023-07-31,TSLA,0.5033,0.0667
2023-08-31,ADBE,0.6772,0.0667
2023-08-31,AMD,0.3143,0.0667
2023-08-31,AMZN,0.498,0.0667
2023-08-31,AVGO,0.561,0.0667
2023-08-31,GOOGL,0.4801,0.0667
2023-08-31,INTC,0.3516,0.0667
2023-08-31,INTU,0.358,0.0667
2023-08-31,ISRG,0.366,0.0667
2023-08-31,KLAC,0.3347,0.0667
2023-08-31,LRCX,0.4427,0.0667
2023-08-31,META,0.6954,0.0667
2023-08-31,MSFT,0.3109,0.0667
2023-08-31,NFLX,0.3905,0.0667
2023-08-31,NVDA,1.1175,0.0667
2023-08-31,TSLA,0.3519,0.0667
2023-09-29,ADBE,0.3352,0.0667
2023-09-29,AMZN,0.2463,0.0667
2023-09-29,AVGO,0.3247,0.0667
2023-09-29,BKNG,0.1817,0.0667
2023-09-29,CMCSA,0.2112,0.0667
2023-09-29,GOOGL,0.2971,0.0667
2023-09-29,KLAC,0.1652,0.0667
2023-09-29,LRCX,0.1864,0.0667
2023-09-29,MAR,0.2151,0.0667
2023-09-29,META,0.4444,0.0667
2023-09-29,NVDA,0.5888,0.0667
2023-09-29,PANW,0.2111,0.0667
2023-09-29,PDD,0.283,0.0667
2023-09-29,SNPS,0.2209,0.0667
2023-09-29,TSLA,0.2813,0.0667
2023-10-31,ADBE,0.4432,0.0667
2023-10-31,AMAT,0.1856,0.0667
2023-10-31,AMZN,0.2843,0.0667
2023-10-31,AVGO,0.3889,0.0667
2023-10-31,CDNS,0.1478,0.0667
2023-10-31,GOOGL,0.1781,0.0667
2023-10-31,INTC,0.2355,0.0667
2023-10-31,KLAC,0.2487,0.0667
2023-10-31,META,0.2593,0.0667
2023-10-31,NFLX,0.2965,0.0667
2023-10-31,NVDA,0.4459,0.0667
2023-10-31,PANW,0.3738,0.0667
2023-10-31,PDD,0.58,0.0667
2023-10-31,SNPS,0.2728,0.0667
2023-10-31,TSLA,0.2528,0.0667
2023-11-30,ADBE,0.4318,0.0667
2023-11-30,AMGN,0.2786,0.0667
2023-11-30,AMZN,0.1899,0.0667
2023-11-30,AVGO,0.1845,0.0667
2023-11-30,BKNG,0.2258,0.0667
2023-11-30,INTC,0.4458,0.0667
2023-11-30,INTU,0.3585,0.0667
2023-11-30,KLAC,0.2101,0.0667
2023-11-30,MAR,0.1904,0.0667
2023-11-30,MELI,0.2881,0.0667
2023-11-30,META,0.2001,0.0667
2023-11-30,NVDA,0.1762,0.0667
2023-11-30,PANW,0.3612,0.0667
2023-11-30,PDD,1.134,0.0667
2023-11-30,SNPS,0.1951,0.0667
2023-12-29,AMD,0.2941,0.0667
2023-12-29,AMGN,0.3181,0.0667
2023-12-29,AVGO,0.2998,0.0667
2023-12-29,BKNG,0.3136,0.0667
2023-12-29,COST,0.2586,0.0667
2023-12-29,INTC,0.5131,0.0667
2023-12-29,INTU,0.3689,0.0667
2023-12-29,LRCX,0.2254,0.0667
2023-12-29,MAR,0.2339,0.0667
2023-12-29,MELI,0.3266,0.0667
2023-12-29,META,0.2334,0.0667
2023-12-29,MU,0.3589,0.0667
2023-12-29,PDD,1.1161,0.0667
2023-12-29,QCOM,0.2314,0.0667
2023-12-29,REGN,0.2223,0.0667
